# Blender 4.5.3 LTS
# www.blender.org
mtllib mq02radio_tower.mtl
o mq02radio_tower.001
v 0.499989 7.842844 0.500000
v 0.205271 7.940451 0.796462
v 0.205271 7.940451 0.203539
v 0.105401 2.515063 0.865145
v 0.061966 2.631382 0.908581
v 0.089849 2.616737 0.880697
v 0.061857 2.545371 0.908689
v 0.092294 2.545371 0.939126
v 0.120287 2.616737 0.911133
v 0.092403 2.631382 0.939017
v 0.135838 2.515063 0.895582
v 0.079692 2.608369 0.846496
v 0.154487 2.608369 0.921291
v 0.858341 5.602782 1.163621
v 0.771025 5.602782 1.113209
v 0.800130 5.602782 1.163621
v 0.858341 5.602782 1.062797
v 0.800130 5.602782 1.062797
v 0.887446 5.602782 1.113209
v 0.887446 5.416703 1.113209
v 0.800130 5.416703 1.062797
v 0.858341 5.416703 1.062797
v 0.800130 5.416703 1.163621
v 0.771025 5.416703 1.113209
v 0.858341 5.416703 1.163621
v 0.858341 5.602782 -0.031348
v 0.771025 5.602782 -0.081760
v 0.800130 5.602782 -0.031348
v 0.858341 5.602782 -0.132172
v 0.800130 5.602782 -0.132172
v 0.887446 5.602782 -0.081760
v 0.887446 5.416703 -0.081760
v 0.800130 5.416703 -0.132172
v 0.858341 5.416703 -0.132172
v 0.800130 5.416703 -0.031349
v 0.771025 5.416703 -0.081760
v 0.858341 5.416703 -0.031349
v 0.394232 6.480715 -0.163620
v 0.481548 6.480715 -0.113208
v 0.452443 6.480715 -0.163620
v 0.394232 6.480715 -0.062796
v 0.452443 6.480715 -0.062796
v 0.365127 6.480715 -0.113208
v 0.365127 6.294637 -0.113208
v 0.452443 6.294637 -0.062796
v 0.394232 6.294637 -0.062796
v 0.452443 6.294637 -0.163620
v 0.481548 6.294637 -0.113208
v 0.394232 6.294637 -0.163620
v 0.394233 6.480715 1.031349
v 0.481548 6.480715 1.081761
v 0.452443 6.480715 1.031349
v 0.394233 6.480715 1.132172
v 0.452443 6.480715 1.132172
v 0.365127 6.480715 1.081761
v 0.365128 6.294637 1.081761
v 0.452443 6.294637 1.132172
v 0.394233 6.294637 1.132172
v 0.452443 6.294637 1.031349
v 0.481548 6.294637 1.081761
v 0.394233 6.294637 1.031349
v -0.139521 2.226149 0.997001
v -0.068875 2.283831 0.926354
v -0.092424 2.226149 0.949903
v -0.139521 2.341514 0.997001
v -0.092424 2.341514 0.949903
v -0.163070 2.283831 1.020549
v 0.214687 6.355424 0.844983
v 0.197119 6.434550 0.826191
v 0.226330 6.404327 0.855811
v 0.178328 6.355424 0.808623
v 0.167500 6.404327 0.796981
v 0.794707 7.940451 0.796461
v 0.785292 3.295428 0.155018
v 0.802860 3.374553 0.173809
v 0.773649 3.344331 0.144190
v 0.821651 3.295428 0.191377
v 0.832480 3.344331 0.203020
v 0.794707 7.940451 0.203538
v 0.155007 4.028183 0.214698
v 0.173799 4.107307 0.197131
v 0.144179 4.077085 0.226341
v 0.191367 4.028183 0.178339
v 0.203010 4.077085 0.167511
v 0.214687 3.295428 0.844983
v 0.197120 3.374553 0.826191
v 0.226331 3.344331 0.855811
v 0.178328 3.295428 0.808623
v 0.167500 3.344331 0.796981
v 0.706431 7.782811 0.500000
v 0.915739 7.704273 0.081790
v 0.499989 7.782810 0.292337
v 0.758364 4.758256 0.194934
v 0.775932 4.837381 0.213726
v 0.746721 4.807159 0.184106
v 0.805552 4.807159 0.242936
v 0.794724 4.758256 0.231293
v 0.641916 7.201722 0.551168
v 0.641912 6.990894 0.700575
v 0.641919 6.990881 0.551172
v 0.641916 7.201722 0.700580
v 0.374637 6.990892 0.700576
v 0.374641 7.201721 0.700581
v 0.374644 6.990879 0.551172
v 0.374641 7.201721 0.551168
v 0.316120 6.990897 0.726381
v 0.663252 6.990897 0.726407
v 0.316120 6.990877 0.525362
v 0.663252 6.990878 0.525346
v 0.288551 9.261003 0.367698
v 0.803481 8.435266 0.194712
v 0.196497 8.435264 0.194713
v 0.711426 9.261003 0.367698
v 0.803481 8.435266 0.805288
v 0.711426 9.261003 0.632303
v 0.196497 8.435264 0.805288
v 0.288551 9.261003 0.632303
v 0.726708 8.242200 0.271940
v 0.273270 8.242200 0.271940
v 0.726708 8.242200 0.728061
v 0.273270 8.242200 0.728061
v 0.794707 8.014439 0.203538
v 0.205271 8.014438 0.203539
v 0.794707 8.014439 0.796462
v 0.205271 8.014438 0.796462
v -0.194850 2.642468 0.860562
v -0.220784 2.505595 0.834629
v -0.272135 2.505595 0.885980
v -0.303866 2.642468 0.969578
v -0.292596 2.742667 1.100010
v -0.123999 2.742667 0.931413
v -0.027215 2.779342 1.028198
v -0.195811 2.779342 1.196794
v 0.069570 2.742667 1.124982
v -0.099026 2.742667 1.293579
v 0.140421 2.642468 1.195833
v 0.031405 2.642468 1.304849
v 0.115003 2.505595 1.273118
v 0.166354 2.505595 1.221767
v -0.075789 2.709804 1.316816
v -0.315833 2.709804 1.076772
v -0.019565 2.283831 1.164054
v 0.051081 2.341514 1.093408
v 0.003983 2.341514 1.140505
v 0.051081 2.226149 1.093408
v 0.074629 2.283831 1.069859
v 0.003983 2.226149 1.140505
v 0.844972 2.582570 0.785303
v 0.826181 2.661695 0.802870
v 0.855801 2.631472 0.773659
v 0.808613 2.582570 0.821662
v 0.796970 2.631472 0.832490
v 0.915739 7.704273 0.918209
v 0.785392 4.072855 -0.251827
v 0.805036 4.072855 -0.217802
v 0.805036 4.736858 -0.217802
v 0.785391 4.736858 -0.251827
v 0.824680 4.072855 -0.251827
v 0.824680 4.736858 -0.251827
v -0.300636 2.709804 1.091969
v -0.287033 2.729042 1.105572
v -0.195811 2.763609 1.196794
v -0.104589 2.729042 1.288016
v -0.090986 2.709804 1.301619
v 0.499989 7.782810 0.707663
v 0.126987 1.892589 0.126998
v 0.872993 1.892590 0.126997
v 0.126987 2.616256 0.126998
v 0.872993 2.616257 0.126997
v 0.126987 3.339922 0.126998
v 0.872993 3.339922 0.126997
v 0.126987 4.063588 0.126998
v 0.872992 4.063588 0.126997
v 0.126986 4.787255 0.126998
v 0.872992 4.787255 0.126997
v 0.126986 5.510921 0.126998
v 0.872992 5.510921 0.126997
v 0.126986 6.234584 0.126998
v 0.872992 6.234585 0.126998
v 0.126986 6.958251 0.126998
v 0.872992 6.958251 0.126998
v 0.126986 7.681916 0.126998
v 0.872992 7.681917 0.126998
v 1.044263 8.200468 0.500000
v 1.083686 8.177710 0.500000
v 1.061790 8.139785 0.365225
v 1.022367 8.162545 0.365225
v 1.004467 8.040498 0.281930
v 0.965044 8.063260 0.281930
v 0.933612 7.917773 0.281930
v 0.894189 7.940535 0.281930
v 0.876289 7.818487 0.365225
v 0.836866 7.841249 0.365226
v 0.854394 7.780563 0.500000
v 0.814971 7.803325 0.500000
v 0.876289 7.818487 0.634774
v 0.836866 7.841249 0.634774
v 0.933612 7.917773 0.718069
v 0.894189 7.940535 0.718069
v 1.004468 8.040498 0.718070
v 0.965044 8.063260 0.718070
v 1.061791 8.139785 0.634774
v 1.022367 8.162545 0.634774
v 0.956620 5.069133 0.043369
v 0.917891 5.069133 0.082098
v 1.032554 5.016443 0.196760
v 1.071283 5.016443 0.158031
v 1.103419 4.878505 0.267625
v 1.142148 4.878505 0.228896
v 1.103419 4.708001 0.267625
v 1.142148 4.708001 0.228896
v 1.032554 4.570065 0.196760
v 1.071283 4.570065 0.158031
v 0.917891 4.517375 0.082098
v 0.956620 4.517375 0.043369
v 0.803229 4.570065 -0.032565
v 0.841958 4.570065 -0.071293
v 0.732364 4.708001 -0.103430
v 0.771093 4.708001 -0.142159
v 0.732364 4.878505 -0.103430
v 0.771093 4.878505 -0.142159
v 0.803229 5.016443 -0.032565
v 0.841958 5.016443 -0.071293
v 0.499989 8.660146 -0.000292
v 0.499989 8.652241 0.044539
v 0.634763 8.609116 0.036935
v 0.634763 8.617021 -0.007896
v 0.718058 8.496212 0.017027
v 0.718058 8.504117 -0.027804
v 0.718058 8.356654 -0.007581
v 0.718058 8.364559 -0.052412
v 0.634763 8.243750 -0.027489
v 0.634763 8.251655 -0.072319
v 0.499989 8.200624 -0.035093
v 0.499989 8.208529 -0.079924
v 0.365214 8.243750 -0.027489
v 0.365214 8.251655 -0.072319
v 0.281919 8.356653 -0.007581
v 0.281919 8.364559 -0.052411
v 0.281919 8.496212 0.017027
v 0.281919 8.504116 -0.027804
v 0.365214 8.609116 0.036935
v 0.365214 8.617021 -0.007896
v 0.499989 9.052674 0.161145
v 0.499989 9.045561 0.201492
v 0.621286 9.006747 0.194648
v 0.621286 9.013862 0.154301
v 0.696251 8.905134 0.176731
v 0.696251 8.912248 0.136384
v 0.696251 8.779532 0.154584
v 0.696251 8.786647 0.114237
v 0.621286 8.677918 0.136667
v 0.621286 8.685033 0.096320
v 0.499989 8.639106 0.129823
v 0.499989 8.646219 0.089476
v 0.378692 8.677918 0.136667
v 0.378692 8.685033 0.096320
v 0.303726 8.779532 0.154584
v 0.303726 8.786647 0.114237
v 0.303726 8.905133 0.176731
v 0.303726 8.912248 0.136384
v 0.378692 9.006747 0.194648
v 0.378692 9.013862 0.154301
v -0.083708 8.177709 0.500000
v -0.044285 8.200468 0.500000
v -0.022389 8.162545 0.365226
v -0.061812 8.139784 0.365226
v 0.034934 8.063259 0.281931
v -0.004489 8.040497 0.281931
v 0.105789 7.940534 0.281931
v 0.066366 7.917772 0.281931
v 0.163112 7.841248 0.365226
v 0.123689 7.818487 0.365226
v 0.185007 7.803324 0.500000
v 0.145584 7.780562 0.500000
v 0.163112 7.841248 0.634774
v 0.123689 7.818487 0.634774
v 0.105789 7.940534 0.718069
v 0.066366 7.917772 0.718070
v 0.034934 8.063259 0.718070
v -0.004489 8.040497 0.718070
v -0.022389 8.162545 0.634775
v -0.061812 8.139784 0.634775
v 0.025488 3.615355 0.959859
v 0.070353 3.615355 0.928444
v -0.022656 3.562666 0.795612
v -0.067522 3.562666 0.827028
v -0.080139 3.424727 0.713518
v -0.125005 3.424727 0.744933
v -0.080139 3.254224 0.713518
v -0.125005 3.254224 0.744933
v -0.022656 3.116284 0.795612
v -0.067521 3.116284 0.827028
v 0.070354 3.063597 0.928444
v 0.025488 3.063597 0.959859
v 0.163363 3.116284 1.061275
v 0.118498 3.116284 1.092690
v 0.220846 3.254224 1.143369
v 0.175981 3.254224 1.174785
v 0.220846 3.424727 1.143369
v 0.175981 3.424727 1.174785
v 0.163363 3.562666 1.061275
v 0.118498 3.562666 1.092690
v 0.040131 4.348109 0.025498
v 0.071546 4.348109 0.070364
v 0.204378 4.295420 -0.022645
v 0.172962 4.295420 -0.067511
v 0.286472 4.157480 -0.080128
v 0.255057 4.157480 -0.124994
v 0.286472 3.986978 -0.080128
v 0.255057 3.986978 -0.124994
v 0.204378 3.849038 -0.022645
v 0.172963 3.849038 -0.067511
v 0.071546 3.796351 0.070364
v 0.040131 3.796351 0.025498
v -0.061285 3.849038 0.163374
v -0.092700 3.849038 0.118508
v -0.143379 3.986978 0.220857
v -0.174794 3.986978 0.175991
v -0.143380 4.157480 0.220857
v -0.174794 4.157480 0.175991
v -0.061285 4.295420 0.163374
v -0.092700 4.295420 0.118508
v 0.872993 1.892588 0.126997
v 0.872993 2.616254 0.126997
v 0.872993 1.892587 0.873003
v 0.872993 2.616253 0.873003
v 0.872993 3.339921 0.126997
v 0.872993 3.339919 0.873003
v 0.872992 4.063586 0.126997
v 0.872993 4.063586 0.873003
v 0.872992 4.787251 0.126997
v 0.872993 4.787251 0.873003
v 0.872992 5.510917 0.126997
v 0.872992 5.510917 0.873003
v 0.872992 6.234584 0.126998
v 0.872992 6.234584 0.873003
v 0.872992 6.958250 0.126998
v 0.872992 6.958250 0.873003
v 0.872992 7.681917 0.873003
v 0.126987 1.892589 0.873003
v 0.126987 2.616256 0.873003
v 0.126987 3.339922 0.873003
v 0.126987 4.063588 0.873003
v 0.126987 4.787255 0.873003
v 0.126987 5.510921 0.873003
v 0.126986 6.234584 0.873003
v 0.126986 6.958251 0.873003
v 0.126986 7.681916 0.873003
v 0.084239 7.704272 0.918210
v 0.872993 1.892589 0.873003
v 0.872993 2.616256 0.873003
v 0.872993 3.339922 0.873003
v 0.872993 4.063588 0.873003
v 0.872993 4.787255 0.873003
v 0.872992 5.510921 0.873003
v 0.872992 6.234585 0.873003
v 0.872992 6.958251 0.873003
v 0.293547 7.782810 0.500000
v 0.084239 7.704272 0.081790
v 0.126987 1.892587 0.126998
v 0.126987 2.616253 0.126998
v 0.126987 3.339919 0.126998
v 0.126987 4.063586 0.126998
v 0.126986 4.787251 0.126998
v 0.126986 5.510917 0.126998
v 0.126986 6.234583 0.126998
v 0.126986 6.958249 0.126998
v -0.356464 5.478045 0.179573
v 1.300964 5.478046 0.179572
v -0.356464 5.527846 0.208325
v 1.300964 5.527846 0.208325
v -0.356464 5.527846 0.150821
v 1.300964 5.527846 0.150820
v 0.876701 2.077107 0.864985
v 0.754690 1.932797 0.873610
v 0.877150 2.077997 0.875895
v 0.755193 1.933080 0.884510
v 0.754661 1.832224 0.876185
v 0.755178 1.832509 0.887087
v 0.894738 1.709972 0.883325
v 0.895173 1.710861 0.894235
v -0.217813 4.016856 0.480421
v -0.217812 3.352851 0.480421
v -0.251838 4.016856 0.460777
v -0.251837 3.352851 0.460777
v -0.251838 4.016856 0.500065
v -0.251837 3.352851 0.500065
v 1.254242 6.179951 0.179573
v 1.254242 5.515948 0.179572
v 1.278856 6.179951 0.157707
v 1.278856 5.515948 0.157707
v 1.278856 6.179951 0.165362
v 1.278856 5.515948 0.165362
v -0.314460 7.517391 0.842404
v -0.314460 7.517391 0.784899
v -0.364260 7.517391 0.813651
v 0.829239 1.866111 0.143251
v 1.049417 1.866111 0.143251
v 0.829239 1.880471 0.151543
v 1.049417 1.880471 0.151543
v 0.829239 1.880471 0.134960
v 1.049417 1.880471 0.134960
v 0.435568 8.956314 1.072813
v 0.400213 8.956314 1.072813
v 0.417890 8.956314 1.103432
v 0.418102 6.345199 1.089576
v 0.418102 6.345199 -0.071934
v 0.446854 6.394999 1.089576
v 0.446854 6.394999 -0.071934
v 0.389350 6.394999 1.089576
v 0.389349 6.394999 -0.071934
v 0.674659 6.392719 0.271748
v 0.675048 6.339137 0.324941
v 0.728241 6.392338 0.324948
v 0.123279 2.077107 0.864985
v 0.122830 2.077997 0.875896
v 0.245290 1.932797 0.873610
v 0.244787 1.933080 0.884510
v 0.245320 1.832224 0.876186
v 0.244802 1.832509 0.887087
v 0.105242 1.709972 0.883325
v 0.104807 1.710861 0.894235
v 0.325319 6.392718 0.271748
v 0.271737 6.392337 0.324948
v 0.324930 6.339137 0.324941
v 0.417891 6.402534 1.103431
v 0.435568 6.402534 1.072813
v 0.400213 6.402534 1.072813
v 0.324930 6.795640 0.324941
v 0.271737 6.742441 0.324948
v 0.325319 6.742058 0.271748
v -0.364260 6.189378 0.813651
v -0.314460 6.189378 0.842404
v -0.314460 6.189378 0.784899
v 0.271737 6.392337 0.675052
v 0.325319 6.392718 0.728252
v 0.324930 6.339137 0.675059
v 0.864975 2.077108 0.123289
v 0.873600 1.932798 0.245300
v 0.875885 2.077998 0.122839
v 0.884500 1.933080 0.244797
v 0.876175 1.832225 0.245329
v 0.887076 1.832509 0.244812
v 0.883315 1.709972 0.105252
v 0.894225 1.710861 0.104816
v -0.325653 6.179950 0.179573
v -0.325653 5.515945 0.179573
v -0.298608 6.179950 0.159111
v -0.298607 5.515945 0.159111
v -0.298608 6.179950 0.163958
v -0.298607 5.515945 0.163958
v 0.728241 6.392338 0.675052
v 0.675048 6.339137 0.675059
v 0.674660 6.392719 0.728252
v 0.170932 6.128801 1.322229
v 0.170933 4.800789 1.322229
v 0.189427 6.128801 1.290196
v 0.189427 4.800789 1.290196
v 0.152438 6.128801 1.290196
v 0.152438 4.800789 1.290196
v 0.674659 6.742058 0.271748
v 0.728241 6.742442 0.324948
v 0.675048 6.795641 0.324941
v 0.170933 4.762745 1.356453
v 0.170932 4.762745 -0.300974
v 0.172238 4.812546 1.356453
v 0.172238 4.812546 -0.300974
v 0.142180 4.812546 1.356453
v 0.142180 4.812546 -0.300974
v 1.257075 6.862600 0.842403
v 1.257075 6.862600 0.784899
v 1.207274 6.862600 0.813651
v 0.264113 8.392535 0.760876
v 0.264113 9.456610 0.760876
v 0.229962 8.392535 0.770027
v 0.229962 9.456610 0.770027
v 0.239113 8.392535 0.735876
v 0.239113 9.456610 0.735876
v -0.386640 6.210487 0.842404
v -0.386640 6.210487 0.784899
v -0.386640 6.160686 0.813651
v 0.805390 5.401731 1.349631
v 0.805390 4.073723 1.349631
v 0.821481 5.401731 1.321759
v 0.821482 4.073723 1.321759
v 0.789298 5.401731 1.321759
v 0.789298 4.073723 1.321759
v 1.270788 6.160687 0.813651
v 1.270788 6.210488 0.784899
v 1.270788 6.210488 0.842403
v 0.420114 7.471713 -0.132597
v 0.420114 6.430868 -0.132597
v 0.402437 7.471713 -0.101978
v 0.402437 6.430868 -0.101978
v 0.437792 7.471713 -0.101978
v 0.437792 6.430868 -0.101978
v 0.170932 5.464656 -0.249164
v 0.170932 4.800652 -0.249164
v 0.162102 5.464656 -0.281410
v 0.162103 4.800652 -0.281410
v 0.152315 5.464656 -0.281410
v 0.152315 4.800652 -0.281410
v 1.349620 4.681728 0.480067
v 1.349620 3.353719 0.480067
v 1.321748 4.681728 0.463975
v 1.321748 3.353719 0.463975
v 1.321748 4.681728 0.496158
v 1.321748 3.353719 0.496158
v 1.207274 6.198596 0.813651
v 1.257075 6.198596 0.842403
v 1.257075 6.198596 0.784899
v 0.864975 2.077107 0.876711
v 0.875885 2.077997 0.877160
v 0.873600 1.932797 0.754700
v 0.884500 1.933080 0.755203
v 0.876175 1.832224 0.754671
v 0.887076 1.832509 0.755188
v 0.883315 1.709972 0.894748
v 0.894225 1.710861 0.895184
v 0.008508 2.648778 0.917680
v 0.123279 2.077107 0.135015
v 0.245290 1.932798 0.126390
v 0.122829 2.077997 0.124105
v 0.244787 1.933080 0.115490
v 0.245319 1.832225 0.123815
v 0.244802 1.832509 0.112914
v 0.105242 1.709972 0.116675
v 0.104806 1.710861 0.105765
v 0.907350 1.197586 0.920447
v 0.919527 1.198580 0.920949
v 0.916976 1.031796 0.784271
v 0.929142 1.032083 0.784832
v 0.919851 0.929027 0.784238
v 0.932017 0.929316 0.784815
v 0.927820 0.787826 0.940578
v 0.939996 0.788818 0.941064
v 0.083303 2.648778 0.992475
v 0.920437 1.197586 0.092640
v 0.920939 1.198580 0.080463
v 0.784261 1.031796 0.083014
v 0.784822 1.032083 0.070848
v 0.784228 0.929027 0.080140
v 0.784805 0.929316 0.067973
v 0.940569 0.787826 0.072171
v 0.941055 0.788818 0.059994
v 1.020881 3.978358 0.143654
v 1.020881 1.424578 0.143654
v 1.051499 3.978358 0.161332
v 1.051500 1.424578 0.161332
v 1.051499 3.978358 0.125977
v 1.051500 1.424578 0.125977
v 0.876701 2.077108 0.135015
v 0.877150 2.077998 0.124104
v 0.754690 1.932798 0.126390
v 0.755193 1.933080 0.115490
v 0.754660 1.832225 0.123814
v 0.755177 1.832509 0.112914
v 0.894738 1.709972 0.116675
v 0.895173 1.710861 0.105765
v 0.092631 1.197586 0.079553
v 0.080453 1.198580 0.079051
v 0.083004 1.031795 0.215729
v 0.070838 1.032083 0.215168
v 0.080130 0.929027 0.215762
v 0.067963 0.929316 0.215185
v 0.072161 0.787826 0.059421
v 0.059985 0.788818 0.058936
v 0.079543 1.197586 0.907359
v 0.079041 1.198580 0.919536
v 0.215719 1.031795 0.916986
v 0.215158 1.032083 0.929152
v 0.215752 0.929027 0.919860
v 0.215175 0.929316 0.932027
v 0.059411 0.787826 0.927829
v 0.058926 0.788818 0.940005
v 0.174362 1.933257 0.108388
v 0.196887 1.988753 0.119076
v 0.203412 1.985706 0.128265
v 0.150999 8.392535 0.456414
v 0.150999 9.456610 0.456414
v 0.123915 8.392535 0.433688
v 0.123915 9.456610 0.433688
v 0.157138 8.392535 0.421596
v 0.157138 9.456610 0.421596
v 0.174352 1.936306 0.096480
v 0.919982 8.407421 0.480098
v 0.919982 9.369970 0.480098
v 0.950601 8.407421 0.497776
v 0.950601 9.369970 0.497776
v 0.919982 8.407421 0.515454
v 0.919982 9.369970 0.515454
v 0.096469 1.936306 0.174363
v 0.128315 1.985705 0.203424
v 0.118820 1.988753 0.197196
v 0.135005 2.077107 0.123290
v 0.124094 2.077997 0.122840
v 0.126380 1.932797 0.245301
v 0.115480 1.933080 0.244797
v 0.123804 1.832224 0.245330
v 0.112904 1.832509 0.244813
v 0.116665 1.709972 0.105252
v 0.105755 1.710861 0.104817
v 0.108379 1.933256 0.174374
v 0.905072 9.330113 0.454273
v 0.905072 9.489548 0.454273
v 0.980422 9.330113 0.497776
v 0.980422 9.489548 0.497776
v 0.905072 9.330113 0.541280
v 0.905072 9.489548 0.541280
v 0.096956 1.955985 0.096966
v 0.126005 2.098983 0.126017
v 0.587560 3.961294 1.322229
v 0.587561 2.633282 1.322229
v 0.606055 3.961294 1.290195
v 0.606055 2.633282 1.290195
v 0.569066 3.961294 1.290195
v 0.569066 2.633282 1.290195
v 0.587561 2.595239 1.356453
v 0.587560 2.595239 -0.300974
v 0.588866 2.645040 1.356453
v 0.588866 2.645040 -0.300974
v 0.558808 2.645040 1.356453
v 0.558808 2.645040 -0.300974
v 0.587560 3.297150 -0.249164
v 0.587560 2.633145 -0.249164
v 0.578731 3.297150 -0.281410
v 0.578731 2.633145 -0.281410
v 0.568943 3.297150 -0.281410
v 0.568943 2.633145 -0.281410
v 1.386619 3.314944 0.480421
v -0.270808 3.314944 0.480421
v 1.386619 3.364744 0.451668
v -0.270808 3.364744 0.451669
v 1.386619 3.364744 0.509173
v -0.270808 3.364744 0.509173
v -0.218143 2.505595 0.854239
v -0.018705 7.950475 0.500000
v 1.018683 7.950475 0.500000
v -0.031008 3.339475 0.999418
v 1.005389 4.793254 -0.005400
v 0.499989 8.444291 -0.096560
v 0.499989 8.858405 0.074503
v 0.000572 4.072228 -0.030998
v 0.974492 3.615355 0.040141
v 1.067501 3.562666 0.172973
v 1.030988 3.339475 0.000582
v 1.124984 3.424727 0.255067
v 1.124984 3.254224 0.255067
v 1.067501 3.116284 0.172973
v 0.974491 3.063597 0.040141
v 0.881482 3.116284 -0.092690
v 0.823999 3.254224 -0.174784
v 0.823999 3.424727 -0.174784
v 0.881482 3.562666 -0.092690
v 0.025487 6.675352 0.959859
v -0.067522 6.622662 0.827028
v -0.031009 6.399470 0.999418
v -0.125005 6.484722 0.744933
v -0.125005 6.314219 0.744933
v -0.067522 6.176280 0.827028
v 0.025488 6.123593 0.959859
v 0.118497 6.176280 1.092690
v 0.175980 6.314219 1.174785
v 0.175980 6.484722 1.174785
v 0.118497 6.622662 1.092690
v 0.959849 2.902497 0.974502
v 0.827017 2.849807 1.067512
v 0.999408 2.626616 1.030998
v 0.744923 2.711868 1.124995
v 0.744923 2.541365 1.124995
v 0.827017 2.403426 1.067512
v 0.959849 2.350739 0.974502
v 1.092680 2.403426 0.881492
v 1.174774 2.541365 0.824009
v 1.174774 2.711868 0.824009
v 1.092680 2.849807 0.881492
v 0.126987 1.892587 0.873003
v 0.126987 2.616253 0.873003
v 0.126987 3.339919 0.873003
v 0.126987 4.063586 0.873003
v 0.126987 4.787251 0.873003
v 0.126987 5.510917 0.873003
v 0.126986 6.234583 0.873003
v 0.126986 6.958249 0.873003
v 0.947694 0.016431 -0.001922
v 0.948206 -0.000001 0.013781
v 0.897991 0.971043 0.899896
v 0.947411 -0.000001 0.086318
v 0.899750 0.917793 0.953146
v 0.035970 -0.000001 0.913673
v 0.035176 -0.000001 0.986236
v 0.083626 0.917667 0.046729
v 0.035686 0.016361 1.001879
v 0.085385 0.970912 0.099973
v 0.085385 0.970912 0.900027
v 0.035686 0.016361 -0.001879
v 0.083626 0.917667 0.953271
v 0.035176 -0.000001 0.013764
v 0.035970 -0.000001 0.086328
v 0.086318 -0.000001 0.035980
v 0.013754 -0.000001 0.035186
v 0.953261 0.917668 0.083636
v -0.001889 0.016361 0.035696
v 0.900017 0.970912 0.085395
v 0.913663 -0.000001 0.964020
v 0.986227 -0.000001 0.964814
v 0.046720 0.917667 0.916365
v 1.001870 0.016361 0.964304
v 0.099963 0.970912 0.914606
v 0.099963 0.970912 0.085395
v 1.001870 0.016361 0.035695
v 0.046719 0.917667 0.083636
v 0.986226 -0.000001 0.035186
v 0.913663 -0.000001 0.035980
v 0.964011 -0.000001 0.086327
v 0.964804 -0.000001 0.013764
v 0.916355 0.917668 0.953271
v 0.964295 0.016361 -0.001879
v 0.914596 0.970912 0.900027
v 0.900017 0.970912 0.914606
v -0.001889 0.016361 0.964305
v 0.953261 0.917668 0.916365
v 0.013754 -0.000001 0.964814
v 0.086317 -0.000001 0.964020
v 0.914596 0.970912 0.099973
v 0.964295 0.016361 1.001879
v 0.916355 0.917668 0.046729
v 0.964805 -0.000001 0.986236
v 0.964011 -0.000001 0.913673
v 1.001913 0.016431 0.947704
v 0.986210 -0.000001 0.948215
v 0.100094 0.971043 0.898001
v 0.913673 -0.000001 0.947420
v 0.046845 0.917793 0.899760
v 0.953136 0.917793 0.899760
v 0.086308 -0.000001 0.947420
v 0.899886 0.971043 0.898001
v 0.013771 -0.000001 0.948215
v -0.001932 0.016431 0.947704
v 0.899750 0.917793 0.046854
v 0.947411 -0.000001 0.913683
v 0.897991 0.971043 0.100104
v 0.948206 -0.000001 0.986219
v 0.947695 0.016431 1.001922
v 0.052286 0.016431 1.001922
v 0.051775 -0.000001 0.986219
v 0.101990 0.971043 0.100104
v 0.052570 -0.000001 0.913683
v 0.100231 0.917793 0.046855
v 0.046845 0.917793 0.100241
v 0.913673 -0.000001 0.052580
v 0.100094 0.971043 0.102000
v 0.986210 -0.000001 0.051785
v 1.001912 0.016431 0.052296
v -0.001932 0.016431 0.052296
v 0.013771 -0.000001 0.051785
v 0.899887 0.971043 0.102000
v 0.086308 -0.000001 0.052580
v 0.953136 0.917793 0.100241
v 0.100231 0.917793 0.953146
v 0.052570 -0.000001 0.086318
v 0.101990 0.971043 0.899896
v 0.051775 -0.000001 0.013781
v 0.052286 0.016431 -0.001922
v 0.842897 0.943960 0.153748
v 0.913337 0.943960 0.082621
v 0.842897 0.943960 0.846252
v 0.913337 0.943960 0.917379
v 0.086644 0.943960 0.917379
v 0.157084 0.943960 0.846252
v 0.157084 0.943960 0.153748
v 0.086644 0.943960 0.082621
v 0.842896 1.035674 0.153748
v 0.908998 1.035674 0.087002
v 0.157084 1.035674 0.153748
v 0.090983 1.035674 0.087002
v 0.090983 1.035674 0.912998
v 0.157084 1.035674 0.846252
v 0.842897 1.035674 0.846252
v 0.908998 1.035674 0.912998
v 0.810312 1.836943 0.186651
v 0.874059 1.836943 0.122282
v 0.810312 1.836943 0.813349
v 0.874059 1.836943 0.877718
v 0.125922 1.836943 0.877718
v 0.189668 1.836943 0.813350
v 0.189668 1.836943 0.186651
v 0.125921 1.836943 0.122282
v 0.810312 1.928657 0.186651
v 0.870132 1.928657 0.126247
v 0.189668 1.928657 0.186651
v 0.129848 1.928657 0.126247
v 0.129848 1.928657 0.873753
v 0.189668 1.928657 0.813350
v 0.810312 1.928657 0.813349
v 0.870132 1.928657 0.873753
v 0.728241 6.339137 0.271748
v 0.728241 6.339137 0.728252
v 0.271737 6.339137 0.728252
v 0.271737 6.339137 0.271748
v 0.728241 6.795641 0.271748
v 0.271737 6.795640 0.271748
v 0.271737 6.795640 0.728252
v 0.324930 6.795640 0.675059
v 0.675048 6.795641 0.675059
v 0.728241 6.795641 0.728252
v 0.271737 6.742441 0.675052
v 0.325319 6.742058 0.728252
v 0.674660 6.742058 0.728252
v 0.728241 6.742442 0.675052
v 0.954644 0.220347 0.969261
v 0.968235 0.221456 0.969821
v 0.965388 0.031395 0.817275
v 0.978967 0.031695 0.817901
v 0.966331 -0.000001 0.817264
v 0.979918 -0.000001 0.817896
v -0.289715 2.634601 0.974696
v 0.030729 0.220347 0.954654
v 0.030169 0.221456 0.968245
v 0.182716 0.031395 0.965398
v 0.182089 0.031694 0.978976
v 0.182727 -0.000001 0.966340
v 0.182095 -0.000001 0.979928
v 0.146744 2.505595 1.219126
v 0.103878 2.505595 1.261993
v 0.954644 0.220347 0.030739
v 0.965388 0.031395 0.182725
v 0.968235 0.221456 0.030179
v 0.978967 0.031695 0.182099
v 0.966331 -0.000001 0.182736
v 0.979918 -0.000001 0.182104
v 0.969251 0.220347 0.954654
v 0.817265 0.031395 0.965398
v 0.969811 0.221456 0.968245
v 0.817891 0.031695 0.978976
v 0.817254 -0.000001 0.966341
v 0.817886 -0.000001 0.979928
v 0.045336 0.220347 0.969261
v 0.034592 0.031395 0.817275
v 0.031745 0.221456 0.969821
v 0.021014 0.031694 0.817901
v 0.033650 -0.000001 0.817264
v 0.020062 -0.000001 0.817896
v 0.030729 0.220347 0.045346
v 0.182716 0.031395 0.034602
v 0.030169 0.221456 0.031755
v 0.182089 0.031694 0.021024
v 0.182726 -0.000001 0.033660
v 0.182095 -0.000001 0.020072
v 0.045336 0.220347 0.030740
v 0.031745 0.221456 0.030180
v 0.034592 0.031395 0.182726
v 0.021014 0.031694 0.182099
v 0.033650 -0.000001 0.182736
v 0.020062 -0.000001 0.182105
v 0.969251 0.220347 0.045346
v 0.969811 0.221456 0.031755
v 0.817265 0.031395 0.034602
v 0.817891 0.031695 0.021024
v 0.817254 -0.000001 0.033659
v 0.817886 -0.000001 0.020072
v 0.092631 1.197586 0.920448
v 0.083005 1.031795 0.784271
v 0.080454 1.198580 0.920949
v 0.070839 1.032083 0.784833
v 0.080130 0.929027 0.784238
v 0.067963 0.929316 0.784816
v 0.072162 0.787826 0.940579
v 0.059985 0.788818 0.941065
v 0.079543 1.197586 0.092641
v 0.215719 1.031795 0.083014
v 0.079041 1.198580 0.080464
v 0.215158 1.032083 0.070849
v 0.215752 0.929027 0.080140
v 0.215175 0.929316 0.067973
v 0.059411 0.787826 0.072171
v 0.058926 0.788818 0.059995
v 0.834471 5.467265 -0.089575
v 0.834471 5.467265 1.071934
v 0.805719 5.517065 -0.089575
v 0.805719 5.517065 1.071934
v 0.863223 5.517065 -0.089575
v 0.863224 5.517065 1.071934
v 0.026287 2.634601 1.290698
v 0.907348 1.197586 0.079552
v 0.916975 1.031796 0.215728
v 0.919526 1.198580 0.079050
v 0.929141 1.032083 0.215167
v 0.919850 0.929027 0.215761
v 0.932016 0.929316 0.215184
v 0.927818 0.787826 0.059420
v 0.939995 0.788818 0.058935
v 0.832458 6.593780 1.132598
v 0.832458 5.552935 1.132598
v 0.850136 6.593780 1.101979
v 0.850136 5.552935 1.101979
v 0.814781 6.593780 1.101979
v 0.814781 5.552935 1.101979
v 0.834682 8.078382 -0.103431
v 0.834683 5.524600 -0.103431
v 0.817005 8.078382 -0.072812
v 0.817005 5.524600 -0.072812
v 0.852360 8.078382 -0.072812
v 0.852360 5.524600 -0.072812
v 0.805036 4.034947 1.386630
v 0.805036 4.034947 -0.270798
v 0.833788 4.084747 1.386630
v 0.833788 4.084747 -0.270798
v 0.776284 4.084747 1.386630
v 0.776283 4.084747 -0.270798
v 0.920438 1.197586 0.907359
v 0.784262 1.031796 0.916985
v 0.920940 1.198580 0.919536
v 0.784823 1.032083 0.929151
v 0.784229 0.929027 0.919860
v 0.784806 0.929316 0.932027
v 0.940570 0.787826 0.927828
v 0.941055 0.788818 0.940005
v 0.135005 2.077107 0.876711
v 0.126380 1.932797 0.754700
v 0.124095 2.077997 0.877160
v 0.115480 1.933079 0.755203
v 0.123805 1.832224 0.754671
v 0.112904 1.832508 0.755188
v 0.116665 1.709972 0.894748
v 0.105755 1.710861 0.895184
v 0.055462 2.580616 1.121958
v -0.001328 2.580616 1.178748
v -0.120974 2.580616 0.945521
v -0.015493 3.295429 0.980914
v -0.027004 3.344332 0.969953
v 0.017224 2.473193 0.894175
v -0.110575 2.666427 1.021973
v 0.064852 2.519041 0.936132
v -0.035201 2.682167 1.036185
v 0.029743 2.399008 0.915874
v -0.142946 2.640957 1.088564
v 0.085110 2.399008 0.971240
v -0.087580 2.640957 1.143930
v 0.106808 2.473193 0.983760
v -0.020989 2.666427 1.111558
v 0.965651 -0.000001 0.019913
v 0.979297 -0.000001 0.019307
v 0.112972 0.034548 0.890794
v 0.038367 0.034548 0.966127
v 0.887009 0.034548 0.890794
v 0.961614 0.034548 0.966127
v 0.980077 -0.000001 0.965662
v 0.980683 -0.000001 0.979307
v 0.002274 3.374555 0.999507
v 0.034329 -0.000001 0.980087
v 0.020683 -0.000001 0.980693
v 0.054223 0.491345 0.632696
v 0.058697 0.629815 0.500001
v 0.050389 0.356044 0.500001
v 0.054806 0.492617 0.367306
v 0.019904 -0.000001 0.034339
v 0.019298 -0.000001 0.020693
v 0.367295 0.491345 0.054233
v 0.499990 0.629815 0.058707
v 0.499990 0.356044 0.050399
v 0.632685 0.492618 0.054816
v 0.945757 0.491345 0.367304
v 0.941283 0.629815 0.499999
v 0.949591 0.356044 0.499999
v 0.945175 0.492618 0.632694
v 0.632686 0.491345 0.945767
v 0.499991 0.629815 0.941293
v 0.499991 0.356044 0.949601
v 0.367296 0.492618 0.945185
v 0.146522 1.878111 0.868513
v 0.093271 1.824861 0.870258
v 0.952159 1.025450 0.912907
v 0.900017 0.970912 0.914606
v 0.146645 1.878234 0.851908
v 0.952202 1.025519 0.896307
v 0.900017 0.970912 0.898006
v 0.093383 1.824972 0.853654
v 0.099963 0.970912 0.914605
v 0.906708 1.824861 0.870259
v 0.047821 1.025450 0.912907
v 0.853458 1.878111 0.868513
v 0.047778 1.025519 0.896307
v 0.853335 1.878235 0.851909
v 0.906596 1.824972 0.853655
v 0.099963 0.970912 0.898005
v 0.131477 1.878111 0.146532
v 0.129732 1.824861 0.093282
v 0.087083 1.025450 0.952169
v 0.085385 0.970912 0.900027
v 0.148082 1.878235 0.146655
v 0.103683 1.025519 0.952212
v 0.101985 0.970912 0.900027
v 0.146336 1.824972 0.093394
v 0.632687 1.447347 0.895565
v 0.499992 1.585816 0.891091
v 0.499992 1.312045 0.899400
v 0.367297 1.448619 0.894983
v 0.104425 1.447347 0.632697
v 0.108899 1.585816 0.500002
v 0.100591 1.312045 0.500002
v 0.105007 1.448619 0.367307
v 0.085385 0.970912 0.099973
v 0.129731 1.824861 0.906718
v 0.087083 1.025450 0.047831
v 0.131477 1.878111 0.853468
v 0.103683 1.025519 0.047788
v 0.148081 1.878234 0.853345
v 0.146336 1.824972 0.906607
v 0.101985 0.970912 0.099973
v 0.367294 1.447347 0.104435
v 0.499989 1.585816 0.108909
v 0.499989 1.312045 0.100601
v 0.632683 1.448619 0.105017
v 0.900017 0.970912 0.085395
v 0.093272 1.824861 0.129742
v 0.952159 1.025450 0.087093
v 0.146522 1.878111 0.131488
v 0.952202 1.025519 0.103693
v 0.146645 1.878235 0.148092
v 0.093383 1.824972 0.146346
v 0.900017 0.970912 0.101995
v 0.853458 1.878112 0.131487
v 0.906709 1.824861 0.129741
v 0.047821 1.025450 0.087093
v 0.099963 0.970912 0.085395
v 0.853335 1.878235 0.148092
v 0.047779 1.025519 0.103694
v 0.099963 0.970912 0.101995
v 0.906597 1.824973 0.146346
v 0.868503 1.878111 0.853468
v 0.870249 1.824861 0.906719
v 0.912897 1.025450 0.047831
v 0.914596 0.970912 0.099973
v 0.851899 1.878235 0.853345
v 0.896297 1.025519 0.047788
v 0.897996 0.970912 0.099973
v 0.853644 1.824972 0.906607
v 0.914596 0.970912 0.900027
v 0.870249 1.824861 0.093282
v 0.912897 1.025450 0.952169
v 0.868503 1.878112 0.146532
v 0.896297 1.025519 0.952212
v 0.851898 1.878235 0.146655
v 0.853644 1.824973 0.093394
v 0.897996 0.970912 0.900027
v 0.895555 1.447347 0.367304
v 0.891081 1.585816 0.499999
v 0.899390 1.312046 0.499999
v 0.894973 1.448619 0.632694
v 0.193175 2.370160 0.914866
v 0.084147 2.397077 1.023893
v 0.086117 2.370160 0.807808
v -0.022910 2.397077 0.916836
v -0.003877 2.571760 0.897803
v 0.103180 2.571760 1.004860
v 0.097220 2.515682 0.796706
v 0.204278 2.515682 0.903763
v 0.013231 2.683970 0.912957
v 0.088026 2.683970 0.987752
v 0.086016 2.652605 0.840172
v 0.160811 2.652605 0.914967
v 0.439768 4.744374 0.527781
v 0.439768 4.744374 1.503247
v 0.439768 3.337835 0.527781
v 0.439768 3.337835 1.503247
v 0.439768 3.337835 0.527780
v 0.439768 4.744374 0.527780
v -0.412106 4.580443 0.500000
v -0.412106 5.419147 0.500000
v 0.169554 4.580444 0.500000
v 0.169554 5.419147 0.500000
v 0.915739 7.594360 0.918209
v 0.084239 7.594359 0.918210
v 0.915739 7.594360 0.081790
v 0.084239 7.594359 0.081790
v 0.263169 8.303560 0.483723
v 0.088103 8.303560 0.483723
v 0.263169 8.303560 0.374424
v 0.088103 8.303560 0.374425
v 0.088103 8.413250 0.374425
v 0.088103 8.413250 0.483723
v 0.263169 8.413250 0.374424
v 0.263169 8.413250 0.483723
v 0.020867 3.295429 1.017272
v 0.031827 3.344332 1.028783
v 0.019076 4.028183 -0.015482
v 0.030037 4.077085 -0.026993
v -0.028793 4.077085 0.031837
v -0.017282 4.028183 0.020877
v 0.988131 8.303560 0.544299
v 0.738037 8.303560 0.544299
v 0.988130 8.303560 0.435000
v 0.738037 8.303560 0.435000
v 0.738037 8.413251 0.435000
v 0.738037 8.413251 0.544299
v 0.988130 8.413251 0.435000
v 0.988131 8.413251 0.544299
v 0.169554 5.419147 0.500000
v -0.412106 5.419147 0.500000
v 0.169554 4.580444 0.500000
v 0.663253 6.792847 0.726407
v 0.316120 6.792843 0.726381
v 0.663252 6.792822 0.525346
v 0.316120 6.792819 0.525362
v 0.520824 3.232466 0.509211
v 0.520824 3.232466 -0.583342
v 0.520824 1.657105 0.509211
v 0.520824 1.657105 -0.583342
v 0.520824 1.657105 -0.583342
v 0.520824 3.232466 -0.583342
v 0.520824 1.657105 0.509211
v 0.594715 8.478131 0.416820
v 0.594715 8.478131 0.005824
v 0.499989 8.546953 0.416624
v 0.499989 8.546953 0.017457
v 0.558533 8.366774 0.417131
v 0.558533 8.366774 -0.012741
v 0.441445 8.366774 0.417131
v 0.441445 8.366774 -0.012741
v 0.405263 8.478131 0.416820
v 0.405263 8.478131 0.005824
v 0.594715 8.889607 0.416820
v 0.594715 8.889607 0.151193
v 0.499989 8.958429 0.416624
v 0.499989 8.958429 0.162826
v 0.558533 8.778250 0.417131
v 0.558533 8.778250 0.132629
v 0.441445 8.778250 0.417131
v 0.441445 8.778250 0.132629
v 0.405263 8.889607 0.416820
v 0.405263 8.889607 0.151193
v 0.044071 8.014827 0.594727
v 0.961770 8.014827 0.594727
v 0.005057 8.083649 0.500001
v 1.000784 8.083650 0.500001
v 0.121724 7.903469 0.558544
v 0.884117 7.903470 0.558544
v 0.121724 7.903469 0.441457
v 0.884117 7.903470 0.441457
v 0.044071 8.014827 0.405275
v 0.961770 8.014827 0.405274
v 1.027491 4.807159 0.031328
v 0.998214 4.837381 0.001775
v 1.015981 4.758256 0.020368
v 0.979621 4.758256 -0.015991
v 0.968661 4.807159 -0.027502
v 1.026983 3.344332 0.030048
v 0.997706 3.374555 0.000494
v 0.979113 3.295429 -0.017272
v 1.015472 3.295429 0.019087
v 0.968152 3.344332 -0.028783
v 0.000484 4.107308 0.002284
v 0.632684 0.492617 0.080756
v 0.499989 0.629814 0.084647
v 0.499989 0.356043 0.076339
v 0.367295 0.491344 0.080173
v 0.919235 0.492617 0.632694
v 0.915343 0.629814 0.499999
v 0.923651 0.356043 0.499999
v 0.919817 0.491344 0.367304
v 0.367296 0.492617 0.919244
v 0.499991 0.629814 0.915353
v 0.499991 0.356043 0.923661
v 0.632686 0.491344 0.919827
v 0.080746 0.492616 0.367306
v 0.084638 0.629814 0.500001
v 0.076329 0.356043 0.500001
v 0.080164 0.491344 0.632696
v 0.129916 1.448618 0.367307
v 0.133807 1.585815 0.500002
v 0.125499 1.312044 0.500002
v 0.129334 1.447346 0.632697
v 0.367297 1.448618 0.870075
v 0.499992 1.585816 0.866183
v 0.499992 1.312045 0.874491
v 0.632687 1.447346 0.870657
v 0.870064 1.448618 0.632693
v 0.866173 1.585816 0.499998
v 0.874481 1.312045 0.499998
v 0.870647 1.447346 0.367303
v 0.632683 1.448618 0.129926
v 0.499988 1.585816 0.133817
v 0.499988 1.312045 0.125509
v 0.367293 1.447346 0.129343
v 0.660908 5.201348 0.676491
v 1.636375 5.201349 0.676491
v 0.660909 3.794812 0.676491
v 1.636375 3.794813 0.676491
v 1.636376 3.794813 0.676490
v 1.636375 5.201349 0.676490
v 0.660909 3.794812 0.676490
v 0.660908 5.201348 0.676490
v 0.929626 3.615355 0.071557
v 1.022636 3.562666 0.204388
v 1.080119 3.424727 0.286482
v 1.080119 3.254224 0.286482
v 1.022636 3.116284 0.204388
v 0.929626 3.063597 0.071557
v 0.836616 3.116284 -0.061275
v 0.779133 3.254224 -0.143369
v 0.779133 3.424727 -0.143369
v 0.836616 3.562666 -0.061275
v 0.070353 6.675352 0.928444
v -0.022657 6.622662 0.795612
v -0.080140 6.484722 0.713518
v -0.080140 6.314219 0.713518
v -0.022656 6.176280 0.795612
v 0.070353 6.123593 0.928444
v 0.163363 6.176280 1.061275
v 0.220846 6.314219 1.143369
v 0.220845 6.484722 1.143369
v 0.163363 6.622662 1.061275
v 0.928433 2.902497 0.929636
v 0.795602 2.849807 1.022646
v 0.713508 2.711868 1.080129
v 0.713508 2.541365 1.080129
v 0.795602 2.403426 1.022646
v 0.928433 2.350739 0.929636
v 1.061264 2.403426 0.836627
v 1.143359 2.541365 0.779144
v 1.143359 2.711868 0.779144
v 1.061264 2.849807 0.836627
v -0.261010 2.505595 0.897105
v 0.126006 2.098980 0.873984
v 0.096470 1.936303 0.825638
v 0.096956 1.955982 0.903034
v -0.177765 2.580616 1.002311
v 0.980683 -0.000001 0.020693
v 0.980077 -0.000001 0.034339
v 0.020683 -0.000001 0.019308
v 0.034329 -0.000001 0.019914
v 0.019298 -0.000001 0.979307
v 0.019904 -0.000001 0.965662
v 0.979298 -0.000001 0.980693
v 0.965652 -0.000001 0.980087
v 0.891578 1.950126 0.891587
v 0.988253 -0.000001 0.988262
v 0.825617 1.933256 0.891612
v 0.921427 -0.000001 0.987531
v 0.903024 1.955984 0.903034
v 0.999980 -0.000001 0.999989
v 0.903510 1.936305 0.825637
v 0.999593 -0.000001 0.921581
v 0.825627 1.936305 0.903520
v 0.921572 -0.000001 0.999602
v 0.891600 1.933255 0.825626
v 0.987527 -0.000001 0.921435
v 0.891577 1.950125 0.108412
v 0.988252 -0.000001 0.011737
v 0.891602 1.933254 0.174372
v 0.987521 -0.000001 0.078563
v 0.903024 1.955982 0.096966
v 0.999979 -0.000001 0.000010
v 0.825627 1.936303 0.096479
v 0.921571 -0.000001 0.000397
v 0.903510 1.936303 0.174362
v 0.999592 -0.000001 0.078418
v 0.825616 1.933253 0.108389
v 0.921425 -0.000001 0.012463
v 0.108402 1.950126 0.891588
v 0.011728 -0.000001 0.988263
v 0.108377 1.933256 0.825628
v 0.012459 -0.000001 0.921437
v 0.096956 1.955984 0.903034
v 0.000001 -0.000001 0.999990
v 0.174352 1.936305 0.903521
v 0.078409 -0.000001 0.999603
v 0.096470 1.936305 0.825638
v 0.000388 -0.000001 0.921582
v 0.174363 1.933255 0.891610
v 0.078555 -0.000001 0.987537
v 0.108402 1.950127 0.108413
v 0.011727 -0.000001 0.011738
v 0.078553 -0.000001 0.012469
v 0.000000 -0.000001 0.000011
v 0.000387 -0.000001 0.078419
v 0.078408 -0.000001 0.000398
v 0.012453 -0.000001 0.078565
v 0.999496 2.661696 0.997716
v 1.028773 2.631474 0.968163
v 1.017262 2.582571 0.979123
v 0.980903 2.582571 1.015482
v 0.969942 2.631474 1.026993
v 0.002273 6.434550 0.999506
v 0.031826 6.404327 1.028783
v 0.020866 6.355424 1.017272
v -0.015493 6.355424 0.980913
v -0.027004 6.404327 0.969953
v 0.119066 1.988750 0.803103
v 0.197186 1.988750 0.881170
v 0.174353 1.936303 0.903521
v 0.203414 1.985702 0.871674
v 0.174364 1.933253 0.891610
v 0.108377 1.933254 0.825628
v 0.128255 1.985703 0.796578
v 0.873975 2.098982 0.873984
v 0.825628 1.936305 0.903520
v 0.903024 1.955984 0.903034
v 0.803093 1.988752 0.880924
v 0.881160 1.988752 0.802804
v 0.903511 1.936305 0.825637
v 0.871664 1.985704 0.796576
v 0.891600 1.933255 0.825626
v 0.825618 1.933256 0.891612
v 0.796568 1.985705 0.871736
v 0.873974 2.098980 0.126015
v 0.903510 1.936303 0.174362
v 0.903024 1.955982 0.096966
v 0.880915 1.988750 0.196897
v 0.802795 1.988750 0.118830
v 0.891603 1.933254 0.174372
v 0.871726 1.985703 0.203422
v 0.796566 1.985702 0.128326
v 0.825617 1.933253 0.108389
v 0.585152 4.022984 1.357322
v 0.585636 4.045967 1.341519
v 0.548998 4.022984 1.339840
v 0.557936 4.054010 1.327725
v 0.544142 4.045967 1.300025
v 0.531516 4.022984 1.303686
v 0.626955 3.958632 1.301613
v 0.613160 3.950588 1.329313
v 0.586343 3.940246 1.302495
v 0.585461 3.958632 1.343107
v 0.558334 3.950588 1.330504
v 0.545731 3.958632 1.303378
v 0.559525 3.950588 1.275678
v 0.587225 3.958632 1.261883
v 0.614352 3.950588 1.274487
v 0.587534 4.022984 1.247669
v 0.623688 4.022984 1.265150
v 0.623688 3.981615 1.265150
v 0.641169 4.022984 1.301304
v 0.641169 3.981615 1.301304
v 0.587534 3.981615 1.247669
v 0.550586 4.022984 1.266738
v 0.550586 3.981615 1.266738
v 0.531516 3.981615 1.303686
v 0.980964 4.028329 0.153287
v 0.993589 4.051312 0.149625
v 1.000033 4.028329 0.116339
v 1.006193 4.059355 0.122499
v 1.033319 4.051312 0.109896
v 1.036981 4.028329 0.097269
v 1.007384 4.059356 0.177325
v 1.034201 4.069698 0.150507
v 1.035084 4.051312 0.191120
v 1.062210 4.059356 0.178517
v 1.074813 4.051312 0.151390
v 1.061019 4.059355 0.123690
v 1.073135 4.028329 0.114751
v 1.090617 4.028329 0.150905
v 1.071547 4.028329 0.187853
v 1.034599 4.028329 0.206922
v 0.998445 4.028329 0.189441
v 0.749484 4.776496 -0.244808
v 0.762109 4.799479 -0.248469
v 0.768554 4.776496 -0.281755
v 0.774713 4.807522 -0.275595
v 0.801840 4.799479 -0.288198
v 0.805501 4.776496 -0.300825
v 0.775904 4.807523 -0.220769
v 0.802722 4.817864 -0.247587
v 0.803604 4.799479 -0.206974
v 0.830731 4.807523 -0.219578
v 0.843334 4.799479 -0.246705
v 0.829539 4.807522 -0.274404
v 0.841656 4.776496 -0.283343
v 0.859137 4.776496 -0.247190
v 0.840067 4.776496 -0.210241
v 0.803119 4.776496 -0.191172
v 0.766966 4.776496 -0.208654
v 0.364750 7.510286 -0.093992
v 0.377375 7.533269 -0.097653
v 0.383819 7.510286 -0.130939
v 0.389979 7.541313 -0.124779
v 0.417105 7.533269 -0.137382
v 0.420767 7.510286 -0.150009
v 0.391170 7.541313 -0.069953
v 0.417988 7.551655 -0.096771
v 0.418870 7.533269 -0.056158
v 0.445996 7.541313 -0.068762
v 0.458600 7.533269 -0.095889
v 0.444805 7.541313 -0.123588
v 0.456921 7.510286 -0.132528
v 0.474403 7.510286 -0.096374
v 0.455333 7.510286 -0.059426
v 0.418385 7.510286 -0.040356
v 0.382231 7.510286 -0.057838
v 1.206570 6.192396 0.180141
v 1.219195 6.215378 0.176480
v 1.225639 6.192396 0.143194
v 1.231799 6.223422 0.149354
v 1.258925 6.215378 0.136751
v 1.262587 6.192396 0.124124
v 1.232990 6.223422 0.204180
v 1.259807 6.233764 0.177362
v 1.260690 6.215378 0.217975
v 1.287816 6.223422 0.205371
v 1.300420 6.215378 0.178244
v 1.286625 6.223422 0.150545
v 1.298741 6.192396 0.141605
v 1.316223 6.192396 0.177759
v 1.297153 6.192396 0.214708
v 1.260205 6.192396 0.233777
v 1.224051 6.192396 0.216296
v 1.181681 6.915213 0.831379
v 1.194306 6.938195 0.827717
v 1.200751 6.915213 0.794431
v 1.206910 6.946239 0.800591
v 1.234037 6.938195 0.787988
v 1.237699 6.915213 0.775361
v 1.208102 6.946239 0.855417
v 1.234919 6.956582 0.828599
v 1.235802 6.938195 0.869212
v 1.262928 6.946239 0.856608
v 1.275531 6.938195 0.829482
v 1.261737 6.946239 0.801782
v 1.291335 6.915213 0.828997
v 1.272264 6.915213 0.865945
v 1.235317 6.915213 0.885014
v 1.273853 6.915213 0.792843
v -0.391114 7.553178 0.813443
v -0.378489 7.576160 0.809782
v -0.372045 7.553178 0.776495
v -0.365885 7.584204 0.782656
v -0.338759 7.576160 0.770052
v -0.335097 7.553178 0.757426
v -0.364695 7.584204 0.837482
v -0.337877 7.594547 0.810664
v -0.336994 7.576161 0.851276
v -0.309868 7.584204 0.838673
v -0.297265 7.576160 0.811546
v -0.311059 7.584204 0.783846
v -0.298943 7.553178 0.774907
v -0.281461 7.553178 0.811061
v -0.300531 7.553178 0.848009
v -0.337479 7.553178 0.867079
v -0.373633 7.553178 0.849597
v 1.199163 6.915213 0.867533
v 0.120493 6.147593 1.296512
v 0.133118 6.170575 1.292851
v 0.139562 6.147593 1.259565
v 0.145722 6.178619 1.265725
v 0.172848 6.170575 1.253122
v 0.176510 6.147593 1.240495
v 0.146913 6.178619 1.320551
v 0.173730 6.188961 1.293733
v 0.174613 6.170576 1.334346
v 0.201739 6.178619 1.321742
v 0.214342 6.170575 1.294616
v 0.200548 6.178619 1.266916
v 0.212664 6.147593 1.257977
v 0.230146 6.147593 1.294131
v 0.211076 6.147593 1.331079
v 0.174128 6.147593 1.350148
v 0.137974 6.147593 1.332667
v -0.287069 4.022984 0.476923
v -0.274444 4.045967 0.473262
v -0.268000 4.022984 0.439975
v -0.261840 4.054010 0.446136
v -0.234714 4.045967 0.433532
v -0.231052 4.022984 0.420906
v -0.260649 4.054010 0.500962
v -0.233831 4.064353 0.474144
v -0.232949 4.045967 0.514756
v -0.205823 4.054010 0.502153
v -0.193219 4.045967 0.475026
v -0.207014 4.054010 0.447327
v -0.194898 4.022984 0.438387
v -0.177416 4.022984 0.474541
v -0.196486 4.022984 0.511489
v -0.233434 4.022984 0.530559
v -0.269588 4.022984 0.513077
v 0.556746 4.054010 1.272899
v 0.583872 4.045967 1.260295
v 0.584754 4.064353 1.300907
v 0.612763 4.054010 1.328916
v 0.625366 4.045967 1.301789
v 0.611572 4.054010 1.274090
v 0.622099 4.022984 1.338252
v 0.497375 7.280821 0.864929
v 0.526262 7.294789 0.864929
v 0.526262 7.294789 0.897984
v 0.540230 7.323676 0.864929
v 0.540230 7.323676 0.897984
v 0.528873 7.323923 0.916348
v 0.518803 7.302248 0.922775
v 0.497128 7.292178 0.916348
v 0.497375 7.280821 0.897984
v 0.517851 7.346056 0.922775
v 0.496423 7.324627 0.931039
v 0.495718 7.357077 0.916348
v 0.474044 7.347006 0.922775
v 0.463974 7.325333 0.916348
v 0.474996 7.303200 0.922775
v 0.452616 7.325580 0.864929
v 0.467853 7.296058 0.864929
v 0.467853 7.296058 0.897984
v 0.452616 7.325580 0.897985
v 0.495472 7.368435 0.864929
v 0.466584 7.354466 0.864929
v 0.466584 7.354466 0.897984
v 0.495472 7.368435 0.897984
v 0.524994 7.353198 0.864929
v 0.524994 7.353198 0.897984
v 1.073135 3.986960 0.114751
v 1.090617 3.986960 0.150905
v 1.076402 3.963977 0.151214
v 1.063799 3.955933 0.124087
v 1.036672 3.963977 0.111484
v 1.036981 3.986960 0.097269
v 1.062608 3.955933 0.178914
v 1.035790 3.945591 0.152096
v 1.034908 3.963977 0.192708
v 1.007781 3.955933 0.180104
v 0.995178 3.963977 0.152978
v 1.008973 3.955933 0.125278
v 1.000033 3.986960 0.116339
v 0.980964 3.986960 0.153287
v 0.998445 3.986960 0.189441
v 1.034599 3.986960 0.206922
v 1.071547 3.986960 0.187853
v 0.841656 4.735127 -0.283343
v 0.859137 4.735127 -0.247189
v 0.844923 4.712143 -0.246881
v 0.832319 4.704100 -0.274007
v 0.805193 4.712143 -0.286610
v 0.805501 4.735127 -0.300825
v 0.831128 4.704100 -0.219181
v 0.804311 4.693758 -0.245999
v 0.803429 4.712144 -0.205386
v 0.776302 4.704100 -0.217990
v 0.763699 4.712144 -0.245116
v 0.777493 4.704100 -0.272816
v 0.768554 4.735127 -0.281755
v 0.749484 4.735127 -0.244808
v 0.766966 4.735127 -0.208653
v 0.803120 4.735127 -0.191172
v 0.840068 4.735127 -0.210241
v 0.456921 7.468917 -0.132528
v 0.474403 7.468917 -0.096374
v 0.460189 7.445934 -0.096065
v 0.447585 7.437891 -0.123191
v 0.420459 7.445934 -0.135794
v 0.420767 7.468917 -0.150009
v 0.446394 7.437891 -0.068365
v 0.419577 7.427549 -0.095183
v 0.418694 7.445934 -0.054571
v 0.391567 7.437891 -0.067174
v 0.378964 7.445934 -0.094300
v 0.392759 7.437891 -0.122000
v 0.383819 7.468917 -0.130939
v 0.364750 7.468917 -0.093991
v 0.382231 7.468917 -0.057837
v 0.418385 7.468917 -0.040356
v 0.455333 7.468917 -0.059425
v 1.298741 6.151026 0.141606
v 1.316223 6.151026 0.177760
v 1.302009 6.128044 0.178069
v 1.289405 6.119999 0.150942
v 1.262279 6.128044 0.138339
v 1.262587 6.151026 0.124124
v 1.288214 6.120000 0.205768
v 1.261397 6.109657 0.178950
v 1.260514 6.128044 0.219563
v 1.233388 6.120000 0.206960
v 1.220784 6.128044 0.179833
v 1.234579 6.119999 0.152133
v 1.225639 6.151026 0.143194
v 1.206570 6.151026 0.180142
v 1.224052 6.151026 0.216296
v 1.260206 6.151026 0.233777
v 1.297153 6.151026 0.214708
v 1.200751 6.873844 0.794431
v 1.237699 6.873844 0.775361
v 1.237390 6.850861 0.789576
v 1.209690 6.842817 0.803370
v 1.195896 6.850861 0.831070
v 1.181681 6.873844 0.831379
v 1.277120 6.850861 0.829306
v 1.263325 6.842817 0.857005
v 1.236508 6.832475 0.830188
v 1.235626 6.850861 0.870800
v 1.208499 6.842817 0.858196
v 1.264517 6.842817 0.802179
v 1.273853 6.873844 0.792843
v 1.291335 6.873844 0.828997
v 1.199163 6.873844 0.867533
v 1.235317 6.873844 0.885014
v 1.272265 6.873844 0.865945
v -0.298943 7.511809 0.774907
v -0.281461 7.511809 0.811061
v -0.295676 7.488826 0.811370
v -0.308279 7.480782 0.784244
v -0.335406 7.488826 0.771640
v -0.335097 7.511809 0.757426
v -0.309471 7.480783 0.839070
v -0.336288 7.470440 0.812252
v -0.337170 7.488826 0.852864
v -0.364297 7.480783 0.840261
v -0.376900 7.488826 0.813134
v -0.363106 7.480782 0.785435
v -0.372045 7.511809 0.776495
v -0.391114 7.511809 0.813443
v -0.373633 7.511809 0.849598
v -0.337479 7.511809 0.867079
v -0.300531 7.511809 0.848009
v 0.212664 6.106224 1.257977
v 0.230146 6.106224 1.294131
v 0.215932 6.083241 1.294440
v 0.203328 6.075197 1.267313
v 0.176202 6.083241 1.254710
v 0.176510 6.106224 1.240495
v 0.202137 6.075197 1.322140
v 0.175319 6.064855 1.295322
v 0.174437 6.083241 1.335934
v 0.147310 6.075197 1.323331
v 0.134707 6.083241 1.296204
v 0.148502 6.075197 1.268504
v 0.139562 6.106224 1.259565
v 0.120493 6.106224 1.296513
v 0.137974 6.106224 1.332667
v 0.174128 6.106224 1.350148
v 0.211076 6.106224 1.331079
v -0.194898 3.981615 0.438387
v -0.177416 3.981615 0.474541
v -0.191630 3.958632 0.474850
v -0.204234 3.950588 0.447723
v -0.231360 3.958632 0.435120
v -0.231052 3.981615 0.420906
v -0.205425 3.950588 0.502550
v -0.232242 3.940246 0.475732
v -0.233125 3.958632 0.516344
v -0.260251 3.950588 0.503741
v -0.272855 3.958632 0.476614
v -0.259060 3.950588 0.448915
v -0.268000 3.981615 0.439975
v -0.287069 3.981615 0.476923
v -0.269588 3.981615 0.513077
v -0.233434 3.981615 0.530559
v -0.196486 3.981615 0.511489
v 0.548998 3.981615 1.339840
v 0.585152 3.981615 1.357322
v 0.622100 3.981615 1.338252
v 0.497376 1.400479 0.888970
v 0.526263 1.414447 0.888970
v 0.526263 1.414447 0.922025
v 0.540231 1.443334 0.888970
v 0.540231 1.443334 0.922025
v 0.528874 1.443581 0.940389
v 0.518803 1.421907 0.946816
v 0.497129 1.411837 0.940389
v 0.497376 1.400479 0.922025
v 0.517852 1.465713 0.946816
v 0.496424 1.444286 0.955079
v 0.495719 1.476735 0.940389
v 0.474045 1.466665 0.946816
v 0.463975 1.444991 0.940389
v 0.474997 1.422858 0.946816
v 0.452617 1.445237 0.888970
v 0.467854 1.415716 0.888970
v 0.467854 1.415716 0.922025
v 0.452617 1.445237 0.922025
v 0.495473 1.488093 0.888970
v 0.466585 1.474125 0.888970
v 0.466585 1.474125 0.922025
v 0.495473 1.488093 0.922025
v 0.524994 1.472856 0.888970
v 0.524994 1.472856 0.922025
v 0.497376 2.204947 0.864929
v 0.526263 2.218915 0.864929
v 0.526263 2.218915 0.897984
v 0.540231 2.247802 0.864929
v 0.540231 2.247802 0.897984
v 0.528874 2.248049 0.916348
v 0.518803 2.226375 0.922775
v 0.497129 2.216305 0.916348
v 0.497376 2.204947 0.897984
v 0.517852 2.270182 0.922775
v 0.496424 2.248754 0.931039
v 0.495719 2.281204 0.916348
v 0.474045 2.271133 0.922775
v 0.463975 2.249459 0.916348
v 0.474996 2.227327 0.922775
v 0.452617 2.249706 0.864929
v 0.467854 2.220184 0.864929
v 0.467854 2.220184 0.897984
v 0.452617 2.249706 0.897984
v 0.495472 2.292561 0.864929
v 0.466585 2.278593 0.864929
v 0.466585 2.278593 0.897984
v 0.495472 2.292561 0.897984
v 0.524994 2.277324 0.864929
v 0.524994 2.277324 0.897984
v 0.497376 2.939457 0.864929
v 0.526263 2.953425 0.864929
v 0.526263 2.953425 0.897984
v 0.540231 2.982312 0.864929
v 0.540231 2.982312 0.897984
v 0.528874 2.982559 0.916348
v 0.518803 2.960885 0.922775
v 0.497129 2.950815 0.916348
v 0.497376 2.939457 0.897984
v 0.517851 3.004692 0.922775
v 0.496424 2.983264 0.931039
v 0.495719 3.015713 0.916348
v 0.474045 3.005643 0.922775
v 0.463975 2.983968 0.916348
v 0.474996 2.961837 0.922775
v 0.452617 2.984216 0.864929
v 0.467854 2.954694 0.864929
v 0.467854 2.954694 0.897984
v 0.452617 2.984216 0.897984
v 0.495472 3.027071 0.864929
v 0.466585 3.013103 0.864929
v 0.466585 3.013103 0.897984
v 0.495472 3.027071 0.897984
v 0.524994 3.011834 0.864929
v 0.524994 3.011834 0.897984
v 0.497375 3.661578 0.864929
v 0.526263 3.675546 0.864929
v 0.526263 3.675546 0.897984
v 0.540231 3.704433 0.864929
v 0.540231 3.704433 0.897984
v 0.528874 3.704680 0.916348
v 0.518803 3.683006 0.922775
v 0.497129 3.672936 0.916348
v 0.497375 3.661578 0.897984
v 0.517851 3.726813 0.922775
v 0.496424 3.705385 0.931039
v 0.495719 3.737834 0.916348
v 0.474045 3.727764 0.922775
v 0.463975 3.706089 0.916348
v 0.474996 3.683958 0.922775
v 0.452617 3.706337 0.864929
v 0.467854 3.676815 0.864929
v 0.467854 3.676815 0.897984
v 0.452617 3.706337 0.897985
v 0.495472 3.749192 0.864929
v 0.466585 3.735224 0.864929
v 0.466585 3.735224 0.897984
v 0.495472 3.749192 0.897984
v 0.524994 3.733955 0.864929
v 0.524994 3.733955 0.897984
v 0.497375 4.390061 0.864929
v 0.526263 4.404029 0.864929
v 0.526263 4.404029 0.897984
v 0.540231 4.432917 0.864929
v 0.540231 4.432917 0.897984
v 0.528873 4.433163 0.916348
v 0.518803 4.411489 0.922775
v 0.497129 4.401419 0.916348
v 0.497375 4.390061 0.897984
v 0.517851 4.455296 0.922775
v 0.496424 4.433868 0.931039
v 0.495719 4.466318 0.916348
v 0.474044 4.456247 0.922775
v 0.463974 4.434573 0.916348
v 0.474996 4.412441 0.922775
v 0.452617 4.434820 0.864929
v 0.467854 4.405298 0.864929
v 0.467854 4.405298 0.897984
v 0.452617 4.434820 0.897985
v 0.495472 4.477675 0.864929
v 0.466585 4.463707 0.864929
v 0.466585 4.463707 0.897984
v 0.495472 4.477675 0.897984
v 0.524994 4.462439 0.864929
v 0.524994 4.462439 0.897984
v 0.497375 5.105383 0.864929
v 0.526263 5.119351 0.864929
v 0.526263 5.119351 0.897984
v 0.540231 5.148238 0.864929
v 0.540231 5.148238 0.897984
v 0.528873 5.148485 0.916348
v 0.518803 5.126811 0.922775
v 0.497129 5.116740 0.916348
v 0.497375 5.105383 0.897984
v 0.517851 5.170618 0.922775
v 0.496424 5.149190 0.931039
v 0.495719 5.181639 0.916348
v 0.474044 5.171569 0.922775
v 0.463974 5.149895 0.916348
v 0.474996 5.127762 0.922775
v 0.452617 5.150141 0.864929
v 0.467853 5.120620 0.864929
v 0.467853 5.120620 0.897984
v 0.452617 5.150141 0.897985
v 0.495472 5.192997 0.864929
v 0.466585 5.179029 0.864929
v 0.466585 5.179029 0.897984
v 0.495472 5.192997 0.897984
v 0.524994 5.177761 0.864929
v 0.524994 5.177761 0.897984
v 0.497375 5.829728 0.864929
v 0.526263 5.843697 0.864929
v 0.526263 5.843697 0.897984
v 0.540230 5.872584 0.864929
v 0.540230 5.872584 0.897984
v 0.528873 5.872830 0.916348
v 0.518803 5.851156 0.922775
v 0.497128 5.841086 0.916348
v 0.497375 5.829728 0.897984
v 0.517851 5.894963 0.922775
v 0.496424 5.873536 0.931039
v 0.495718 5.905985 0.916348
v 0.474044 5.895915 0.922775
v 0.463974 5.874240 0.916348
v 0.474996 5.852108 0.922775
v 0.452617 5.874487 0.864929
v 0.467853 5.844965 0.864929
v 0.467853 5.844965 0.897984
v 0.452617 5.874487 0.897985
v 0.495472 5.917342 0.864929
v 0.466584 5.903374 0.864929
v 0.466584 5.903374 0.897984
v 0.495472 5.917342 0.897984
v 0.497375 6.551275 0.864929
v 0.526263 6.565243 0.864929
v 0.526263 6.565243 0.897984
v 0.540230 6.594131 0.864929
v 0.540230 6.594131 0.897984
v 0.528873 6.594377 0.916348
v 0.518803 6.572702 0.922775
v 0.497128 6.562632 0.916348
v 0.497375 6.551275 0.897984
v 0.495718 6.627532 0.916348
v 0.474044 6.617461 0.922775
v 0.496424 6.595081 0.931039
v 0.463974 6.595787 0.916348
v 0.474996 6.573655 0.922775
v 0.517851 6.616509 0.922775
v 0.452617 6.596034 0.864929
v 0.467853 6.566512 0.864929
v 0.467853 6.566512 0.897984
v 0.452617 6.596034 0.897985
v 0.495472 6.638889 0.864929
v 0.466584 6.624920 0.864929
v 0.466584 6.624920 0.897984
v 0.495472 6.638889 0.897984
v 0.524994 6.623652 0.864929
v 0.524994 6.623652 0.897984
v 0.524994 5.902106 0.897984
v 0.524994 5.902106 0.864929
vn -0.3144 -0.9493 -0.0000
vn -0.7071 -0.0000 -0.7071
vn 0.7071 -0.0000 0.7071
vn 0.6911 0.2114 -0.6911
vn -0.3123 -0.8972 0.3123
vn -0.3122 -0.8972 0.3123
vn -0.0000 1.0000 -0.0000
vn -0.0000 -1.0000 -0.0000
vn 0.7068 -0.0111 -0.7074
vn 0.7071 -0.0112 -0.7071
vn 0.7061 -0.0114 -0.7080
vn 0.7084 -0.0115 -0.7057
vn 0.7080 -0.0114 -0.7061
vn -0.0000 -0.9498 0.3127
vn -0.7068 -0.0111 0.7074
vn -0.7071 -0.0112 0.7071
vn -0.7061 -0.0114 0.7080
vn -0.7081 -0.0114 0.7060
vn -0.7080 -0.0114 0.7061
vn 0.3144 -0.9493 -0.0000
vn 0.7074 -0.0111 0.7068
vn 0.7071 -0.0112 0.7071
vn 0.7080 -0.0114 0.7061
vn 0.7068 -0.0111 0.7074
vn 0.7061 -0.0114 0.7080
vn -0.0000 -0.9498 -0.3127
vn 0.7081 -0.0114 -0.7060
vn 0.1237 0.9847 -0.1230
vn -0.7069 -0.0113 0.7072
vn -0.7073 -0.0113 0.7068
vn -0.7071 -0.0118 0.7071
vn 1.0000 -0.0000 -0.0000
vn -0.0000 -0.0000 1.0000
vn -1.0000 -0.0000 -0.0000
vn -0.0000 -0.0000 -1.0000
vn -0.0000 1.0000 -0.0001
vn -0.0000 0.2050 -0.9788
vn 0.9938 0.1108 -0.0000
vn -0.0000 0.2050 0.9788
vn -0.9938 0.1108 -0.0000
vn -0.0000 -0.3714 -0.9285
vn 0.9292 -0.3695 -0.0000
vn -0.0000 -0.3714 0.9285
vn -0.9292 -0.3695 -0.0000
vn -0.0000 0.2876 -0.9577
vn 0.9582 0.2861 -0.0000
vn -0.0000 0.2876 0.9577
vn -0.9582 0.2861 -0.0000
vn -0.6124 0.5000 -0.6124
vn -0.6830 0.2588 -0.6830
vn -0.5742 0.5836 -0.5742
vn -0.3536 0.8660 -0.3536
vn 0.3536 0.8660 0.3536
vn 0.6124 0.5000 0.6124
vn 0.5742 0.5836 0.5742
vn 0.6830 0.2588 0.6830
vn 0.5000 0.7071 0.5000
vn -0.5000 0.7071 -0.5000
vn -0.7074 -0.0111 -0.7068
vn -0.7071 -0.0112 -0.7071
vn -0.7080 -0.0114 -0.7061
vn -0.7058 -0.0115 -0.7084
vn -0.7061 -0.0114 -0.7080
vn 0.3513 0.9363 -0.0000
vn -0.8660 -0.0000 -0.5000
vn 0.8660 -0.0000 -0.5000
vn -0.7071 -0.0000 0.7071
vn 0.1237 0.9847 0.1230
vn 0.5000 0.8660 -0.0000
vn 0.4045 0.7006 -0.5878
vn 0.1545 0.2676 -0.9511
vn -0.1545 -0.2676 -0.9511
vn -0.4045 -0.7006 -0.5878
vn -0.5000 -0.8660 -0.0000
vn -0.4045 -0.7006 0.5878
vn -0.1545 -0.2676 0.9511
vn 0.1545 0.2676 0.9511
vn 0.4045 0.7006 0.5878
vn 0.4156 0.8090 0.4156
vn 0.6725 0.3090 0.6725
vn 0.6725 -0.3090 0.6725
vn 0.4156 -0.8090 0.4156
vn -0.4156 -0.8090 -0.4156
vn -0.6725 -0.3090 -0.6725
vn -0.6725 0.3090 -0.6725
vn -0.4156 0.8090 -0.4156
vn -0.0000 0.9848 0.1737
vn 0.5878 0.7967 0.1405
vn 0.9511 0.3043 0.0537
vn 0.9511 -0.3043 -0.0537
vn 0.5878 -0.7967 -0.1405
vn -0.0000 -0.9848 -0.1736
vn -0.5878 -0.7967 -0.1405
vn -0.9511 -0.3043 -0.0537
vn -0.9511 0.3043 0.0537
vn -0.5878 0.7967 0.1405
vn -0.0000 0.9848 0.1736
vn -0.5000 0.8660 -0.0000
vn -0.4045 0.7006 -0.5878
vn -0.1545 0.2676 -0.9511
vn 0.1545 -0.2676 -0.9511
vn 0.4045 -0.7006 -0.5878
vn 0.5000 -0.8660 -0.0000
vn 0.4045 -0.7006 0.5878
vn 0.1545 -0.2676 0.9511
vn -0.1545 0.2676 0.9511
vn -0.4045 0.7006 0.5878
vn -0.3372 0.8090 -0.4815
vn -0.3371 0.8090 -0.4815
vn -0.5455 0.3090 -0.7791
vn -0.5455 -0.3090 -0.7791
vn -0.3371 -0.8090 -0.4815
vn 0.3371 -0.8090 0.4815
vn 0.5455 -0.3090 0.7791
vn 0.5455 0.3090 0.7791
vn 0.3371 0.8090 0.4815
vn 0.4815 0.8090 -0.3371
vn 0.7791 0.3090 -0.5455
vn 0.7791 -0.3090 -0.5455
vn 0.4815 -0.8090 -0.3371
vn -0.4815 -0.8090 0.3371
vn -0.7791 -0.3090 0.5455
vn -0.7791 0.3090 0.5455
vn -0.4815 0.8090 0.3371
vn -0.0000 0.9369 0.3495
vn -0.1237 0.9847 0.1230
vn -0.3513 0.9363 -0.0000
vn -0.0000 0.5000 0.8660
vn -0.0000 0.5000 -0.8660
vn -0.1237 0.9847 -0.1230
vn -0.7641 0.6448 -0.0211
vn -0.9386 0.3433 0.0336
vn -0.7641 0.6448 -0.0196
vn -0.9383 0.3442 0.0344
vn -0.9131 -0.4041 0.0538
vn -0.9064 -0.4189 0.0547
vn -0.6560 -0.7498 0.0859
vn -0.6559 -0.7497 0.0873
vn -0.5000 -0.0000 -0.8660
vn -0.5000 -0.0000 0.8660
vn -0.0000 0.9369 -0.3495
vn 0.8109 -0.0000 -0.5851
vn 0.8110 -0.0000 -0.5850
vn -0.4098 -0.0000 0.9122
vn 0.8660 0.5000 -0.0000
vn -0.8660 0.5000 -0.0000
vn -0.5746 0.5745 0.5829
vn 0.7641 0.6448 -0.0211
vn 0.7641 0.6448 -0.0195
vn 0.9386 0.3434 0.0336
vn 0.7641 0.6448 -0.0196
vn 0.9383 0.3442 0.0344
vn 0.9386 0.3433 0.0336
vn 0.9131 -0.4041 0.0538
vn 0.9064 -0.4189 0.0546
vn 0.6560 -0.7498 0.0859
vn 0.6559 -0.7497 0.0873
vn 0.6561 -0.7498 0.0859
vn 0.5746 0.5745 0.5829
vn 0.5746 -0.5745 0.5829
vn 0.5000 -0.0000 0.8660
vn 0.5000 -0.0000 -0.8660
vn 0.5746 0.5745 -0.5829
vn -0.0211 0.6448 0.7641
vn 0.0337 0.3433 0.9386
vn -0.0196 0.6448 0.7641
vn 0.0344 0.3442 0.9383
vn 0.0538 -0.4041 0.9131
vn 0.0546 -0.4189 0.9064
vn 0.0860 -0.7498 0.6560
vn 0.0873 -0.7498 0.6559
vn 0.8335 -0.0000 -0.5526
vn 0.8334 -0.0000 -0.5526
vn -0.4453 -0.0000 0.8954
vn -0.5747 0.5745 -0.5829
vn -0.5746 -0.5745 0.5829
vn 0.2461 -0.9692 -0.0000
vn 0.2462 -0.9692 -0.0000
vn 0.7163 0.6978 -0.0000
vn 0.9659 -0.0000 0.2588
vn -0.2588 -0.0000 -0.9659
vn -0.8660 -0.0000 0.5000
vn 0.8660 -0.0000 0.5000
vn 0.3851 -0.0000 0.9229
vn 0.3853 -0.0000 0.9228
vn 0.6066 -0.0000 -0.7950
vn -0.0211 0.6448 -0.7641
vn -0.0196 0.6448 -0.7641
vn 0.0337 0.3433 -0.9386
vn 0.0344 0.3442 -0.9383
vn 0.0336 0.3433 -0.9386
vn 0.0538 -0.4041 -0.9131
vn 0.0546 -0.4189 -0.9064
vn 0.0859 -0.7498 -0.6560
vn 0.0547 -0.4189 -0.9064
vn 0.0873 -0.7497 -0.6559
vn 0.0860 -0.7498 -0.6561
vn -0.2309 -0.9271 0.2954
vn 0.7641 0.6448 0.0211
vn 0.9386 0.3433 -0.0336
vn 0.7641 0.6448 0.0196
vn 0.9383 0.3442 -0.0344
vn 0.9131 -0.4041 -0.0538
vn 0.9064 -0.4189 -0.0547
vn 0.6560 -0.7498 -0.0859
vn 0.6559 -0.7497 -0.0873
vn -0.0199 0.6339 -0.7732
vn -0.0183 0.6339 -0.7732
vn 0.0347 0.3374 -0.9407
vn 0.0355 0.3370 -0.9409
vn 0.0347 0.3373 -0.9407
vn 0.0528 -0.3959 -0.9168
vn 0.0537 -0.4117 -0.9097
vn 0.0855 -0.7386 -0.6686
vn 0.0869 -0.7386 -0.6686
vn 0.0855 -0.7386 -0.6687
vn -0.2588 -0.9306 0.2588
vn -0.2665 -0.9370 0.2256
vn -0.2575 -0.9309 0.2591
vn -0.2648 -0.9293 0.2574
vn -0.7732 0.6339 0.0199
vn -0.7732 0.6339 0.0186
vn -0.9407 0.3374 -0.0347
vn -0.9409 0.3370 -0.0355
vn -0.9408 0.3373 -0.0347
vn -0.9168 -0.3959 -0.0528
vn -0.9097 -0.4117 -0.0537
vn -0.6687 -0.7386 -0.0855
vn -0.6686 -0.7386 -0.0868
vn -0.6687 -0.7386 -0.0856
vn -0.2890 -0.9357 0.2024
vn -0.2709 -0.9280 0.2559
vn -0.7641 0.6448 0.0211
vn -0.7641 0.6448 0.0200
vn -0.9386 0.3433 -0.0337
vn -0.7641 0.6448 0.0199
vn -0.9383 0.3442 -0.0344
vn -0.9131 -0.4041 -0.0538
vn -0.9064 -0.4189 -0.0546
vn -0.6561 -0.7498 -0.0860
vn -0.6559 -0.7497 -0.0873
vn -0.6561 -0.7498 -0.0859
vn 0.0199 0.6339 0.7732
vn 0.0186 0.6339 0.7732
vn -0.0347 0.3374 0.9407
vn 0.0185 0.6339 0.7732
vn -0.0355 0.3370 0.9408
vn -0.0347 0.3373 0.9407
vn -0.0528 -0.3959 0.9168
vn -0.0537 -0.4116 0.9098
vn -0.0855 -0.7386 0.6687
vn -0.0537 -0.4117 0.9098
vn -0.0868 -0.7386 0.6686
vn 0.7732 0.6339 -0.0199
vn 0.7732 0.6339 -0.0178
vn 0.9407 0.3374 0.0347
vn 0.9408 0.3370 0.0355
vn 0.9407 0.3373 0.0347
vn 0.9168 -0.3959 0.0528
vn 0.9098 -0.4116 0.0537
vn 0.6687 -0.7386 0.0854
vn 0.9098 -0.4117 0.0537
vn 0.6686 -0.7386 0.0868
vn 0.6687 -0.7387 0.0854
vn 0.7682 -0.1943 -0.6100
vn 0.3420 -0.0000 0.9397
vn -0.9848 -0.0000 -0.1736
vn -0.9848 -0.0000 -0.1737
vn 0.6428 -0.0000 -0.7661
vn 0.6428 -0.0000 -0.7660
vn 0.9287 -0.3591 -0.0927
vn -0.5698 -0.1116 0.8141
vn 0.0211 0.6448 0.7641
vn 0.0191 0.6448 0.7641
vn -0.0337 0.3434 0.9386
vn -0.0344 0.3442 0.9383
vn -0.0336 0.3433 0.9386
vn -0.0538 -0.4041 0.9131
vn -0.0547 -0.4189 0.9064
vn -0.0860 -0.7498 0.6560
vn -0.0872 -0.7498 0.6559
vn -0.1154 -0.4474 0.8869
vn -0.9734 0.1656 0.1582
vn -0.9295 0.3589 0.0854
vn 0.3133 0.2590 -0.9136
vn 0.0423 0.1906 -0.9807
vn 0.2795 -0.6782 0.6796
vn -0.9614 -0.2750 -0.0000
vn -0.9383 -0.3151 -0.1426
vn -0.8660 -0.5000 -0.0000
vn -0.8776 -0.4202 -0.2307
vn -0.8027 -0.5500 -0.2307
vn -0.7421 -0.6550 -0.1426
vn -0.7189 -0.6951 -0.0000
vn -0.7421 -0.6550 0.1426
vn -0.8027 -0.5500 0.2307
vn -0.8776 -0.4202 0.2307
vn -0.9383 -0.3151 0.1426
vn 0.9614 -0.2750 -0.0000
vn 0.9383 -0.3151 0.1426
vn 0.8660 -0.5000 -0.0000
vn 0.8776 -0.4202 0.2307
vn 0.8027 -0.5500 0.2307
vn 0.7421 -0.6550 0.1426
vn 0.7189 -0.6951 -0.0000
vn 0.7421 -0.6550 -0.1426
vn 0.8027 -0.5500 -0.2307
vn 0.8776 -0.4202 -0.2307
vn 0.9383 -0.3151 -0.1426
vn -0.7947 0.2425 0.5565
vn -0.8765 0.1962 0.4397
vn -0.8192 -0.0000 0.5736
vn -0.9270 0.0749 0.3675
vn -0.9270 -0.0749 0.3675
vn -0.8765 -0.1962 0.4397
vn -0.7947 -0.2425 0.5565
vn -0.7129 -0.1962 0.6732
vn -0.6624 -0.0749 0.7454
vn -0.6624 0.0749 0.7454
vn -0.7129 0.1962 0.6732
vn 0.6860 0.2425 -0.6860
vn 0.7868 0.1962 -0.5852
vn 0.7071 -0.0000 -0.7071
vn 0.8491 0.0749 -0.5229
vn 0.8491 -0.0749 -0.5229
vn 0.7868 -0.1962 -0.5852
vn 0.6860 -0.2425 -0.6860
vn 0.5852 -0.1962 -0.7868
vn 0.5229 -0.0749 -0.8491
vn 0.5229 0.0749 -0.8491
vn 0.5852 0.1962 -0.7868
vn -0.0000 0.4073 -0.9133
vn 0.1426 0.3617 -0.9213
vn -0.0000 0.1736 -0.9848
vn 0.2307 0.2423 -0.9424
vn 0.2307 0.0947 -0.9684
vn 0.1426 -0.0248 -0.9895
vn -0.0000 -0.0704 -0.9975
vn -0.1426 -0.0248 -0.9895
vn -0.2307 0.0947 -0.9684
vn -0.2307 0.2423 -0.9424
vn -0.1426 0.3617 -0.9213
vn -0.5565 0.2425 -0.7947
vn -0.4397 0.1962 -0.8765
vn -0.5736 -0.0000 -0.8192
vn -0.3675 0.0749 -0.9270
vn -0.3675 -0.0749 -0.9270
vn -0.4397 -0.1962 -0.8765
vn -0.5565 -0.2425 -0.7947
vn -0.6732 -0.1962 -0.7129
vn -0.7454 -0.0749 -0.6624
vn -0.7454 0.0749 -0.6624
vn -0.6732 0.1962 -0.7129
vn 0.7947 0.2425 -0.5565
vn 0.8765 0.1962 -0.4397
vn 0.8192 -0.0000 -0.5736
vn 0.9270 0.0749 -0.3675
vn 0.9270 -0.0749 -0.3675
vn 0.8765 -0.1962 -0.4397
vn 0.7947 -0.2425 -0.5565
vn 0.7129 -0.1962 -0.6732
vn 0.6624 -0.0749 -0.7454
vn 0.6624 0.0749 -0.7454
vn 0.7129 0.1962 -0.6732
vn 0.5565 0.2425 0.7947
vn 0.4397 0.1962 0.8765
vn 0.5736 -0.0000 0.8192
vn 0.3675 0.0749 0.9270
vn 0.3675 -0.0749 0.9270
vn 0.4397 -0.1962 0.8765
vn 0.5565 -0.2425 0.7947
vn 0.6732 -0.1962 0.7129
vn 0.7454 -0.0749 0.6624
vn 0.7454 0.0749 0.6624
vn 0.6732 0.1962 0.7129
vn -0.9991 -0.0416 -0.0110
vn -0.9990 -0.0428 -0.0096
vn -0.9991 -0.0417 -0.0109
vn -0.9990 -0.0427 -0.0097
vn -0.9991 -0.0417 -0.0110
vn -0.9991 0.0416 -0.0109
vn -0.9991 0.0424 -0.0102
vn -0.9990 0.0428 -0.0098
vn -0.9990 0.0428 0.0098
vn -0.9991 0.0416 0.0109
vn -0.9990 0.0427 0.0098
vn 0.0109 0.0416 -0.9991
vn 0.0097 0.0428 -0.9990
vn 0.0098 0.0428 -0.9990
vn -0.0109 0.0416 0.9991
vn -0.0097 0.0428 0.9990
vn -0.0098 0.0428 0.9990
vn -0.0098 0.0428 -0.9990
vn -0.0109 0.0416 -0.9991
vn -0.0098 0.0427 -0.9990
vn 0.9991 0.0416 0.0109
vn 0.9990 0.0428 0.0098
vn 0.0098 0.0428 0.9990
vn 0.0109 0.0416 0.9991
vn 0.0098 0.0427 0.9990
vn 0.9990 0.0428 -0.0098
vn 0.9991 0.0416 -0.0109
vn 0.9990 0.0427 -0.0098
vn 0.0110 -0.0416 -0.9991
vn 0.0106 -0.0420 -0.9991
vn 0.0110 -0.0417 -0.9991
vn 0.0107 -0.0419 -0.9991
vn 0.0097 -0.0427 -0.9990
vn -0.0097 -0.0427 -0.9990
vn -0.0109 -0.0417 -0.9991
vn -0.0098 -0.0427 -0.9990
vn -0.0110 -0.0416 -0.9991
vn -0.9990 -0.0427 0.0097
vn -0.9991 -0.0417 0.0109
vn -0.9990 -0.0427 0.0098
vn -0.9991 -0.0416 0.0110
vn 0.9991 -0.0416 0.0110
vn 0.9991 -0.0419 0.0107
vn 0.9991 -0.0417 0.0109
vn 0.9991 -0.0420 0.0106
vn 0.9990 -0.0427 0.0097
vn 0.0097 -0.0427 0.9990
vn 0.0109 -0.0417 0.9991
vn 0.0098 -0.0427 0.9990
vn 0.0110 -0.0416 0.9991
vn -0.0110 -0.0416 0.9991
vn -0.0110 -0.0417 0.9991
vn -0.0109 -0.0417 0.9991
vn -0.0097 -0.0427 0.9990
vn 0.9990 -0.0427 -0.0097
vn 0.9991 -0.0417 -0.0109
vn 0.9990 -0.0427 -0.0098
vn 0.9991 -0.0416 -0.0110
vn -0.0190 0.6260 -0.7796
vn -0.0184 0.6260 -0.7796
vn 0.0354 0.3331 -0.9422
vn -0.0183 0.6260 -0.7796
vn 0.0362 0.3317 -0.9427
vn 0.0354 0.3330 -0.9423
vn 0.0466 0.0015 -0.9989
vn 0.0464 0.0016 -0.9989
vn -0.5989 -0.6983 0.3920
vn 0.7796 0.6260 -0.0190
vn 0.7796 0.6260 -0.0182
vn 0.9422 0.3331 0.0353
vn 0.7796 0.6260 -0.0181
vn 0.9427 0.3317 0.0363
vn 0.9423 0.3330 0.0354
vn 0.9989 0.0015 0.0466
vn 0.9427 0.3316 0.0363
vn 0.9989 0.0016 0.0464
vn -0.5862 -0.7522 0.3011
vn -0.0190 0.6260 0.7796
vn 0.0353 0.3331 0.9422
vn -0.0175 0.6260 0.7796
vn 0.0362 0.3317 0.9427
vn 0.0463 0.0016 0.9989
vn 0.0465 0.0016 0.9989
vn -0.7796 0.6260 -0.0190
vn -0.9422 0.3330 0.0354
vn -0.7796 0.6260 -0.0175
vn -0.9427 0.3317 0.0362
vn -0.9989 0.0016 0.0463
vn -0.9989 0.0016 0.0465
vn 0.0190 0.6260 -0.7796
vn -0.0354 0.3330 -0.9422
vn 0.0175 0.6260 -0.7796
vn -0.0362 0.3317 -0.9427
vn -0.0463 0.0016 -0.9989
vn -0.0464 0.0016 -0.9989
vn 0.7796 0.6260 0.0190
vn 0.9422 0.3330 -0.0354
vn 0.7796 0.6260 0.0175
vn 0.9427 0.3317 -0.0362
vn 0.9989 0.0016 -0.0463
vn 0.9989 0.0016 -0.0464
vn 0.0190 0.6260 0.7796
vn 0.0178 0.6260 0.7796
vn -0.0354 0.3331 0.9422
vn -0.0362 0.3317 0.9427
vn -0.0354 0.3330 0.9423
vn -0.0472 0.0013 0.9989
vn -0.0464 0.0016 0.9989
vn -0.5315 -0.6596 0.5315
vn -0.7796 0.6260 0.0190
vn -0.7796 0.6260 0.0183
vn -0.9422 0.3331 -0.0354
vn -0.9427 0.3317 -0.0363
vn -0.9989 0.0014 -0.0468
vn -0.9989 0.0016 -0.0465
vn -0.3011 -0.7522 0.5862
vn 0.0199 0.6339 -0.7732
vn -0.0347 0.3373 -0.9408
vn 0.0184 0.6339 -0.7732
vn -0.0355 0.3370 -0.9408
vn -0.0528 -0.3959 -0.9168
vn -0.0537 -0.4117 -0.9097
vn -0.0855 -0.7386 -0.6687
vn -0.0869 -0.7386 -0.6686
vn 0.7732 0.6339 0.0199
vn 0.9408 0.3373 -0.0346
vn 0.7732 0.6339 0.0184
vn 0.9408 0.3370 -0.0355
vn 0.9168 -0.3959 -0.0528
vn 0.9097 -0.4117 -0.0537
vn 0.6687 -0.7386 -0.0855
vn 0.6686 -0.7386 -0.0868
vn -0.6110 -0.5034 0.6110
vn -0.0199 0.6339 0.7732
vn 0.0346 0.3373 0.9408
vn -0.0184 0.6339 0.7732
vn 0.0355 0.3370 0.9409
vn 0.0528 -0.3959 0.9168
vn 0.0537 -0.4117 0.9097
vn 0.0855 -0.7386 0.6686
vn 0.0868 -0.7386 0.6686
vn -0.6617 -0.5276 0.5326
vn -0.3987 -0.7327 0.5515
vn -0.4515 -0.7696 0.4515
vn -0.7732 0.6339 -0.0199
vn -0.9407 0.3373 0.0347
vn -0.7732 0.6339 -0.0184
vn -0.9408 0.3370 0.0355
vn -0.9168 -0.3959 0.0528
vn -0.9097 -0.4117 0.0537
vn -0.6687 -0.7386 0.0855
vn -0.6686 -0.7386 0.0869
vn 0.0211 0.6448 -0.7641
vn -0.0336 0.3433 -0.9386
vn 0.0196 0.6448 -0.7641
vn -0.0344 0.3442 -0.9383
vn -0.0538 -0.4041 -0.9131
vn -0.0546 -0.4189 -0.9064
vn -0.0859 -0.7498 -0.6560
vn -0.0873 -0.7498 -0.6559
vn 0.7038 -0.0969 0.7038
vn 0.7053 0.0713 -0.7053
vn -0.6124 0.5000 0.6124
vn -0.9559 0.2750 -0.1034
vn 0.6124 0.5000 -0.6124
vn -0.0442 0.3021 -0.9523
vn 0.3536 -0.8660 -0.3536
vn 0.3535 -0.8660 -0.3535
vn -0.3535 -0.8660 0.3535
vn -0.3536 -0.8660 0.3536
vn -0.3824 -0.8177 -0.4302
vn -0.4013 -0.7970 -0.4513
vn -0.6299 0.3185 -0.7084
vn -0.6329 0.3051 -0.7116
vn -0.6688 0.0334 -0.7427
vn -0.5958 0.1147 -0.7949
vn 0.5159 0.6670 -0.5376
vn 0.5183 0.6670 -0.5352
vn -0.7397 -0.6506 0.1719
vn -0.7797 -0.6185 0.0975
vn -0.1732 -0.6467 0.7428
vn -0.0931 -0.6216 0.7778
vn 0.7342 0.0218 0.6786
vn 0.7882 0.1088 0.6057
vn -0.9995 -0.0300 0.0042
vn -0.9992 -0.0389 0.0059
vn -0.9988 -0.0477 0.0076
vn -0.9987 -0.0503 0.0081
vn 0.9995 0.0300 -0.0038
vn 0.9988 0.0477 -0.0073
vn 0.9992 0.0390 -0.0056
vn 0.9987 0.0503 -0.0078
vn -0.0042 -0.0300 -0.9995
vn -0.0059 -0.0389 -0.9992
vn -0.0076 -0.0478 -0.9988
vn -0.0081 -0.0503 -0.9987
vn 0.0038 0.0300 0.9995
vn 0.0073 0.0477 0.9988
vn 0.0056 0.0390 0.9992
vn 0.0078 0.0503 0.9987
vn 0.0145 0.9998 0.0163
vn -0.0145 0.9998 -0.0163
vn 0.7266 0.6870 0.0112
vn 0.7267 0.6869 0.0048
vn -0.7267 0.6869 0.0048
vn -0.7266 0.6870 0.0111
vn -0.7266 0.6870 0.0112
vn 0.9995 -0.0300 -0.0042
vn 0.9992 -0.0389 -0.0059
vn 0.9988 -0.0477 -0.0076
vn 0.9987 -0.0503 -0.0081
vn -0.9995 0.0300 0.0038
vn -0.9988 0.0477 0.0073
vn -0.9992 0.0390 0.0056
vn -0.9987 0.0503 0.0078
vn -0.0112 0.6870 0.7266
vn -0.0048 0.6869 0.7267
vn -0.9995 0.0303 -0.0020
vn -0.0048 0.6869 -0.7267
vn -0.0111 0.6870 -0.7266
vn -0.0112 0.6870 -0.7266
vn 0.0042 -0.0300 0.9995
vn 0.0059 -0.0389 0.9992
vn 0.0076 -0.0478 0.9988
vn 0.0081 -0.0503 0.9987
vn -0.0038 0.0300 -0.9995
vn -0.0073 0.0477 -0.9988
vn -0.0056 0.0389 -0.9992
vn -0.0078 0.0503 -0.9987
vn -0.7266 0.6870 -0.0112
vn -0.7267 0.6869 -0.0047
vn -0.7266 0.6870 -0.0111
vn -0.7267 0.6869 -0.0048
vn 0.7267 0.6869 -0.0048
vn 0.7266 0.6870 -0.0111
vn 0.7266 0.6870 -0.0112
vn 0.0020 0.0303 -0.9995
vn 0.0112 0.6870 -0.7266
vn 0.0048 0.6869 -0.7267
vn 0.9995 0.0303 0.0020
vn 0.0048 0.6869 0.7267
vn 0.0111 0.6870 0.7266
vn 0.0112 0.6870 0.7266
vn -0.0020 0.0303 0.9995
vn 0.0366 -0.0279 -0.9989
vn 0.0026 -0.0452 -0.9990
vn 0.0066 -0.0432 -0.9990
vn -0.0061 -0.0496 -0.9988
vn 0.0065 -0.0432 -0.9990
vn -0.0090 0.0503 0.9987
vn 0.0029 0.0427 0.9991
vn -0.0009 0.0451 0.9990
vn 0.0259 0.0280 0.9993
vn 0.9989 -0.0279 -0.0366
vn 0.9990 -0.0432 -0.0065
vn 0.9990 -0.0452 -0.0026
vn 0.9988 -0.0496 0.0061
vn -0.9987 0.0503 0.0090
vn -0.9990 0.0451 0.0009
vn -0.9991 0.0428 -0.0028
vn -0.9993 0.0280 -0.0259
vn -0.0000 0.0477 -0.9989
vn -0.9989 0.0473 -0.0000
vn -0.0000 0.0477 0.9989
vn 0.9989 0.0473 -0.0000
vn 0.9989 -0.0279 0.0366
vn 0.9990 -0.0452 0.0026
vn 0.9990 -0.0432 0.0066
vn 0.9988 -0.0496 -0.0061
vn 0.9990 -0.0432 0.0065
vn -0.9987 0.0503 -0.0090
vn -0.9991 0.0427 0.0029
vn -0.9990 0.0451 -0.0008
vn -0.9993 0.0280 0.0259
vn 0.0366 -0.0279 0.9989
vn 0.0065 -0.0432 0.9990
vn 0.0026 -0.0452 0.9990
vn -0.0061 -0.0496 0.9988
vn -0.0090 0.0503 -0.9987
vn -0.0009 0.0451 -0.9990
vn 0.0028 0.0428 -0.9991
vn 0.0259 0.0280 -0.9993
vn -0.0366 -0.0279 0.9989
vn -0.0026 -0.0452 0.9990
vn -0.0066 -0.0432 0.9990
vn 0.0061 -0.0496 0.9988
vn -0.0065 -0.0432 0.9990
vn 0.0090 0.0503 -0.9987
vn -0.0028 0.0428 -0.9991
vn 0.0009 0.0451 -0.9990
vn -0.0259 0.0280 -0.9993
vn -0.9989 -0.0279 0.0366
vn -0.9990 -0.0432 0.0065
vn -0.9990 -0.0452 0.0026
vn -0.9988 -0.0496 -0.0061
vn 0.9987 0.0503 -0.0090
vn 0.9990 0.0451 -0.0009
vn 0.9991 0.0428 0.0028
vn 0.9993 0.0280 0.0259
vn -0.9989 -0.0279 -0.0366
vn -0.9990 -0.0452 -0.0026
vn -0.9990 -0.0432 -0.0066
vn -0.9988 -0.0496 0.0061
vn -0.9990 -0.0432 -0.0065
vn 0.9987 0.0503 0.0090
vn 0.9991 0.0428 -0.0028
vn 0.9990 0.0451 0.0009
vn 0.9991 0.0427 -0.0028
vn 0.9993 0.0280 -0.0259
vn -0.0366 -0.0279 -0.9989
vn -0.0065 -0.0432 -0.9990
vn -0.0026 -0.0452 -0.9990
vn 0.0061 -0.0496 -0.9988
vn 0.0090 0.0503 0.9987
vn 0.0009 0.0451 0.9990
vn -0.0028 0.0428 0.9991
vn -0.0259 0.0280 0.9993
vn -0.0099 0.0427 0.9990
vn -0.0105 0.0420 0.9991
vn -0.0099 0.0426 0.9990
vn -0.0106 0.0419 0.9991
vn 0.7266 0.6870 0.0105
vn 0.7267 0.6869 0.0047
vn 0.0110 -0.0415 -0.9991
vn 0.0100 -0.0426 -0.9990
vn 0.0109 -0.0416 -0.9991
vn 0.0099 -0.0427 -0.9990
vn -0.7266 -0.6870 -0.0095
vn -0.7270 -0.6866 -0.0001
vn -0.7270 -0.6866 -0.0000
vn 0.0099 0.0426 0.9990
vn 0.0099 0.0427 0.9990
vn -0.7266 0.6870 0.0104
vn -0.7266 0.6870 0.0105
vn -0.0099 -0.0427 -0.9990
vn -0.0109 -0.0416 -0.9991
vn -0.0099 -0.0426 -0.9990
vn -0.0110 -0.0415 -0.9991
vn 0.7270 -0.6866 -0.0000
vn 0.7266 -0.6870 -0.0094
vn 0.7270 -0.6866 -0.0001
vn 0.7266 -0.6870 -0.0095
vn -0.9990 0.0427 -0.0099
vn -0.9991 0.0419 -0.0106
vn -0.9990 0.0426 -0.0099
vn -0.9991 0.0420 -0.0105
vn -0.0105 0.6870 0.7266
vn -0.0102 0.6911 0.7226
vn -0.0104 0.6870 0.7266
vn -0.0102 0.6912 0.7226
vn 0.9991 -0.0415 0.0110
vn 0.9990 -0.0426 0.0100
vn 0.9991 -0.0416 0.0109
vn 0.9990 -0.0427 0.0099
vn 0.0095 -0.6870 -0.7266
vn 0.0001 -0.6866 -0.7270
vn -0.0000 -0.6866 -0.7270
vn -0.9990 0.0426 0.0099
vn -0.9990 0.0427 0.0099
vn -0.0104 0.6870 -0.7266
vn -0.0105 0.6870 -0.7266
vn 0.9990 -0.0427 -0.0099
vn 0.9991 -0.0415 -0.0110
vn 0.9990 -0.0426 -0.0099
vn 0.9991 -0.0415 -0.0109
vn -0.0000 -0.6866 0.7270
vn 0.0094 -0.6870 0.7266
vn 0.0001 -0.6866 0.7270
vn 0.0095 -0.6870 0.7266
vn -0.0099 0.0426 -0.9990
vn -0.0099 0.0427 -0.9990
vn 0.7266 0.6870 -0.0104
vn 0.7266 0.6870 -0.0105
vn 0.0099 -0.0427 0.9990
vn 0.0111 -0.0414 0.9991
vn 0.0110 -0.0415 0.9991
vn 0.0112 -0.0413 0.9991
vn -0.7266 -0.6870 0.0094
vn -0.7270 -0.6866 0.0001
vn -0.7266 -0.6870 0.0095
vn 0.0099 0.0427 -0.9990
vn 0.0104 0.0421 -0.9991
vn 0.0099 0.0426 -0.9990
vn 0.0105 0.0420 -0.9991
vn -0.7266 0.6870 -0.0105
vn -0.7266 0.6870 -0.0104
vn -0.0110 -0.0415 0.9991
vn -0.0100 -0.0426 0.9990
vn -0.0109 -0.0416 0.9991
vn -0.0099 -0.0427 0.9990
vn 0.7266 -0.6870 0.0095
vn 0.7270 -0.6866 0.0001
vn 0.9990 0.0427 0.0099
vn 0.9991 0.0418 0.0107
vn 0.9990 0.0426 0.0099
vn 0.9991 0.0419 0.0106
vn 0.0105 0.6870 -0.7266
vn 0.0104 0.6870 -0.7266
vn -0.9991 -0.0415 -0.0109
vn -0.9990 -0.0426 -0.0100
vn -0.9991 -0.0416 -0.0109
vn -0.9990 -0.0427 -0.0099
vn -0.0095 -0.6870 0.7266
vn -0.0001 -0.6866 0.7270
vn 0.9990 0.0426 -0.0099
vn 0.9990 0.0427 -0.0099
vn 0.0104 0.6870 0.7266
vn 0.0105 0.6870 0.7266
vn -0.9990 -0.0427 0.0099
vn -0.9991 -0.0417 0.0108
vn -0.9991 -0.0415 0.0110
vn -0.9991 -0.0419 0.0106
vn -0.0094 -0.6870 -0.7266
vn -0.0001 -0.6866 -0.7270
vn -0.0095 -0.6870 -0.7266
vn 0.0404 -0.0256 -0.9989
vn 0.0020 -0.0447 -0.9990
vn 0.0076 -0.0419 -0.9991
vn -0.0077 -0.0495 -0.9987
vn -0.0106 0.0504 0.9987
vn 0.0037 0.0414 0.9991
vn -0.0016 0.0447 0.9990
vn 0.0288 0.0256 0.9993
vn 0.9989 -0.0256 -0.0404
vn 0.9991 -0.0419 -0.0076
vn 0.9990 -0.0447 -0.0020
vn 0.9987 -0.0495 0.0077
vn -0.9987 0.0504 0.0106
vn -0.9990 0.0447 0.0016
vn -0.9991 0.0414 -0.0037
vn -0.9993 0.0256 -0.0288
vn -0.0000 0.0432 -0.9991
vn -0.9991 0.0428 -0.0000
vn -0.0000 0.0432 0.9991
vn 0.9991 0.0428 -0.0000
vn -0.0404 -0.0256 -0.9989
vn -0.0076 -0.0419 -0.9991
vn -0.0020 -0.0447 -0.9990
vn 0.0077 -0.0495 -0.9987
vn 0.0106 0.0504 0.9987
vn 0.0016 0.0447 0.9990
vn -0.0037 0.0414 0.9991
vn -0.0288 0.0256 0.9993
vn -0.9989 -0.0256 -0.0404
vn -0.9990 -0.0447 -0.0020
vn -0.9991 -0.0419 -0.0076
vn -0.9987 -0.0495 0.0077
vn 0.9987 0.0504 0.0106
vn 0.9991 0.0414 -0.0036
vn 0.9990 0.0447 0.0016
vn 0.9993 0.0256 -0.0288
vn -0.9989 -0.0256 0.0404
vn -0.9991 -0.0419 0.0076
vn -0.9990 -0.0447 0.0020
vn -0.9987 -0.0495 -0.0077
vn 0.9987 0.0504 -0.0106
vn 0.9990 0.0447 -0.0016
vn 0.9991 0.0414 0.0037
vn 0.9993 0.0256 0.0288
vn -0.0404 -0.0256 0.9989
vn -0.0020 -0.0447 0.9990
vn -0.0076 -0.0419 0.9991
vn 0.0077 -0.0495 0.9987
vn 0.0106 0.0504 -0.9987
vn -0.0037 0.0414 -0.9991
vn 0.0015 0.0447 -0.9990
vn -0.0288 0.0256 -0.9993
vn 0.0404 -0.0256 0.9989
vn 0.0076 -0.0419 0.9991
vn 0.0020 -0.0447 0.9990
vn -0.0077 -0.0495 0.9987
vn -0.0106 0.0504 -0.9987
vn -0.0016 0.0447 -0.9990
vn 0.0037 0.0414 -0.9991
vn 0.0288 0.0256 -0.9993
vn -0.1216 -0.9851 0.1216
vn 0.2582 0.9310 -0.2582
vn -0.6989 0.1523 0.6989
vn 0.7030 -0.1073 -0.7030
vn -0.3122 -0.8972 0.3122
vn 0.2061 0.9566 -0.2061
vn -0.6947 0.1865 0.6947
vn 0.6931 -0.1982 -0.6931
vn -0.7071 0.0018 0.7071
vn 0.7046 -0.0000 0.7096
vn -0.7046 -0.0000 0.7096
vn -0.7046 -0.0000 -0.7096
vn -0.0000 -0.7045 -0.7097
vn 0.7046 -0.0000 -0.7096
vn 0.7072 -0.7071 -0.0000
vn 0.7071 -0.7071 -0.0000
vn -0.0000 -0.7045 0.7097
vn -0.0000 0.7045 0.7097
vn -0.7072 -0.7071 -0.0000
vn -0.7071 -0.7071 -0.0000
vn -0.7072 0.7071 -0.0000
vn -0.7072 0.7070 -0.0000
vn -0.0000 0.7045 -0.7097
vn 0.7072 0.7070 -0.0000
vn 0.7072 0.7071 -0.0000
vn 0.4018 -0.7965 0.4519
vn 0.3820 -0.8182 0.4297
vn 0.6326 0.3064 0.7113
vn 0.6301 0.3174 0.7087
vn 0.4302 -0.8177 -0.3824
vn 0.4513 -0.7970 -0.4013
vn 0.7084 0.3185 -0.6299
vn 0.7116 0.3051 -0.6329
vn -0.7113 0.3064 0.6326
vn -0.7087 0.3174 0.6301
vn -0.4519 -0.7965 0.4018
vn -0.4297 -0.8182 0.3820
vn -0.0000 -1.0000 0.0001
vn -0.0001 -0.0000 1.0000
vn 0.9514 0.3081 -0.0000
vn 0.9674 0.2532 -0.0000
vn 0.5873 -0.8094 -0.0000
vn 0.5564 -0.8309 -0.0000
vn -0.5873 -0.8094 -0.0000
vn -0.5564 -0.8309 -0.0000
vn -0.9514 0.3081 -0.0000
vn -0.9674 0.2533 -0.0000
vn -0.0000 0.5136 0.8580
vn -0.0000 0.5136 0.8581
vn -0.0000 -0.7371 0.6757
vn -0.0000 -0.7371 -0.6757
vn -0.0000 0.5136 -0.8581
vn -0.0000 0.5136 -0.8580
vn 0.6549 0.3151 0.6869
vn 0.6563 0.3090 0.6883
vn -0.0061 1.0000 -0.0064
vn 0.0061 1.0000 0.0064
vn 0.4030 -0.8118 0.4227
vn 0.4107 -0.8036 0.4307
vn -0.4112 -0.8031 -0.4312
vn -0.4025 -0.8122 -0.4222
vn -0.6560 0.3102 -0.6880
vn -0.6551 0.3140 -0.6872
vn 0.6299 0.3185 0.7084
vn 0.6329 0.3051 0.7116
vn -0.4018 -0.7965 -0.4519
vn -0.3820 -0.8182 -0.4297
vn 0.3824 -0.8177 0.4302
vn 0.4013 -0.7970 0.4513
vn -0.6326 0.3064 -0.7113
vn -0.6301 0.3174 -0.7087
vn -0.0163 0.9998 0.0145
vn 0.0163 0.9998 -0.0145
vn -0.0020 -0.0303 0.9995
vn -0.9995 -0.0303 -0.0020
vn 0.0020 -0.0303 -0.9995
vn 0.9995 -0.0303 0.0020
vn 0.9989 -0.0256 0.0404
vn 0.9990 -0.0447 0.0020
vn 0.9991 -0.0419 0.0076
vn 0.9987 -0.0495 -0.0077
vn -0.9987 0.0504 -0.0106
vn -0.9991 0.0414 0.0037
vn -0.9990 0.0447 -0.0015
vn -0.9993 0.0256 0.0288
vn -0.0000 -0.1736 0.9848
vn -0.0000 -0.1737 0.9848
vn -0.5327 -0.5276 0.6617
vn -0.5515 -0.7327 0.3987
vn 0.6830 -0.2588 0.6830
vn -0.5000 -0.7071 -0.5000
vn -0.5746 -0.5745 -0.5829
vn -0.5375 -0.7331 0.4167
vn 0.5746 -0.5745 -0.5829
vn -0.6830 -0.2588 -0.6830
vn -0.9807 0.1906 -0.0423
vn -0.7013 -0.1278 0.7013
vn -0.7013 -0.1277 0.7013
vn -0.9558 0.2751 -0.1033
vn -0.7038 -0.0969 -0.7038
vn -0.0441 0.3021 -0.9523
vn -0.0107 -0.6870 -0.7266
vn -0.0005 -0.6866 -0.7270
vn -0.0106 -0.6870 -0.7266
vn -0.0004 -0.6866 -0.7270
vn -0.0107 -0.6869 0.7267
vn -0.0005 -0.6867 0.7269
vn -0.0106 -0.6869 0.7267
vn -0.0004 -0.6867 0.7269
vn -0.7266 -0.6870 0.0107
vn -0.7270 -0.6866 0.0005
vn -0.7266 -0.6870 0.0106
vn -0.7270 -0.6866 0.0004
vn 0.0078 0.0503 -0.9987
vn 0.0073 0.0477 -0.9988
vn 0.0056 0.0389 -0.9992
vn 0.0038 0.0300 -0.9995
vn -0.0081 -0.0503 0.9987
vn -0.0059 -0.0389 0.9992
vn -0.0076 -0.0477 0.9988
vn -0.0042 -0.0300 0.9995
vn 0.7267 -0.6869 0.0107
vn 0.7269 -0.6867 0.0005
vn 0.7267 -0.6869 0.0106
vn 0.7269 -0.6867 0.0004
vn -0.9987 0.0503 -0.0078
vn -0.9988 0.0477 -0.0073
vn -0.9992 0.0390 -0.0056
vn -0.9995 0.0300 -0.0038
vn 0.9987 -0.0503 0.0081
vn 0.9992 -0.0389 0.0059
vn 0.9988 -0.0477 0.0076
vn 0.9995 -0.0300 0.0042
vn 0.0107 -0.6870 0.7266
vn 0.0005 -0.6866 0.7270
vn 0.0106 -0.6870 0.7266
vn 0.0004 -0.6866 0.7270
vn 0.0107 -0.6869 -0.7267
vn 0.0005 -0.6867 -0.7269
vn 0.0106 -0.6869 -0.7267
vn 0.0004 -0.6867 -0.7269
vn 0.7266 -0.6870 -0.0107
vn 0.7270 -0.6867 -0.0005
vn 0.7266 -0.6870 -0.0106
vn 0.7270 -0.6866 -0.0004
vn -0.0078 0.0503 0.9987
vn -0.0073 0.0477 0.9988
vn -0.0056 0.0390 0.9992
vn -0.0038 0.0300 0.9995
vn 0.0081 -0.0503 -0.9987
vn 0.0059 -0.0389 -0.9992
vn 0.0076 -0.0477 -0.9988
vn 0.0042 -0.0300 -0.9995
vn -0.7267 -0.6869 -0.0107
vn -0.7269 -0.6867 -0.0005
vn -0.7267 -0.6869 -0.0106
vn -0.7269 -0.6867 -0.0004
vn 0.9987 0.0503 0.0078
vn 0.9988 0.0477 0.0073
vn 0.9992 0.0390 0.0056
vn 0.9995 0.0300 0.0038
vn -0.9987 -0.0503 -0.0081
vn -0.9992 -0.0389 -0.0059
vn -0.9988 -0.0478 -0.0076
vn -0.9995 -0.0300 -0.0042
vn -0.7054 -0.0699 -0.7054
vn -0.7054 -0.0700 -0.7053
vn 0.0121 -0.0489 -0.9987
vn 0.0109 -0.0490 -0.9987
vn 0.7054 0.0699 0.7054
vn 0.7053 0.0699 0.7054
vn 0.9988 0.0492 -0.0062
vn 0.9988 0.0493 -0.0049
vn -0.9987 -0.0488 0.0133
vn -0.9987 -0.0489 0.0120
vn -0.9987 -0.0489 0.0122
vn -0.9987 -0.0489 0.0121
vn -0.9987 -0.0490 0.0109
vn -0.7053 -0.0700 -0.7054
vn 0.0134 -0.0488 -0.9987
vn -0.0062 0.0492 0.9988
vn -0.0049 0.0493 0.9988
vn 0.7054 0.0700 0.7054
vn -0.7054 -0.0699 0.7054
vn -0.7053 -0.0700 0.7054
vn -0.9987 -0.0489 -0.0121
vn -0.9987 -0.0490 -0.0109
vn 0.7054 0.0699 -0.7054
vn 0.7054 0.0699 -0.7053
vn -0.0062 0.0492 -0.9988
vn -0.0049 0.0493 -0.9988
vn 0.0134 -0.0488 0.9987
vn 0.0120 -0.0489 0.9987
vn 0.0133 -0.0488 0.9987
vn 0.0122 -0.0489 0.9987
vn 0.0121 -0.0489 0.9987
vn 0.0109 -0.0490 0.9987
vn -0.7054 -0.0700 0.7053
vn -0.9987 -0.0488 -0.0134
vn 0.9988 0.0492 0.0062
vn 0.9988 0.0493 0.0049
vn 0.7054 0.0700 -0.7054
vn 0.7054 -0.0699 -0.7054
vn 0.7053 -0.0700 -0.7054
vn 0.9987 -0.0489 0.0121
vn 0.9987 -0.0490 0.0109
vn -0.7054 0.0699 0.7054
vn -0.7054 0.0699 0.7053
vn 0.0062 0.0492 0.9988
vn 0.0049 0.0493 0.9988
vn -0.0133 -0.0488 -0.9987
vn -0.0120 -0.0489 -0.9987
vn -0.0122 -0.0489 -0.9987
vn -0.0121 -0.0489 -0.9987
vn -0.0109 -0.0490 -0.9987
vn 0.7054 -0.0700 -0.7053
vn 0.9987 -0.0488 0.0134
vn -0.9988 0.0492 -0.0062
vn -0.9988 0.0493 -0.0049
vn -0.7054 0.0700 0.7054
vn 0.7054 -0.0699 0.7054
vn -0.0121 -0.0489 0.9987
vn -0.0109 -0.0490 0.9987
vn -0.7054 0.0699 -0.7054
vn -0.7054 0.0700 -0.7054
vn -0.9988 0.0492 0.0062
vn -0.9988 0.0493 0.0049
vn 0.9987 -0.0488 -0.0133
vn 0.9987 -0.0489 -0.0120
vn 0.9987 -0.0489 -0.0122
vn 0.9987 -0.0490 -0.0109
vn 0.7053 -0.0699 0.7054
vn -0.0134 -0.0488 0.9987
vn 0.0062 0.0492 -0.9988
vn 0.0049 0.0493 -0.9988
vn 0.7113 0.3064 -0.6326
vn 0.7087 0.3174 -0.6301
vn 0.4519 -0.7965 -0.4018
vn 0.4297 -0.8182 -0.3820
vn -0.4302 -0.8177 0.3824
vn -0.4513 -0.7970 0.4013
vn -0.7084 0.3185 0.6299
vn -0.7116 0.3051 0.6329
vn 0.8191 -0.0000 -0.5736
vn -0.0001 -1.0000 -0.0000
vn -0.9136 0.2590 -0.3133
vn 0.0001 -1.0000 -0.0000
vn 0.0854 0.3589 0.9295
vn 0.1582 0.1656 0.9734
vn 0.8869 -0.4474 0.1154
vn 0.8141 -0.1116 0.5698
vn -0.0927 -0.3591 -0.9287
vn -0.6100 -0.1943 -0.7682
vn -0.0423 0.1906 0.9807
vn -0.3133 0.2590 0.9136
vn 0.9295 0.3589 -0.0854
vn -0.8191 -0.0000 0.5736
vn 0.9734 0.1656 -0.1582
vn 0.1154 -0.4474 -0.8869
vn 0.5698 -0.1116 -0.8141
vn -0.9287 -0.3591 0.0927
vn -0.7682 -0.1943 0.6100
vn 0.9807 0.1906 0.0423
vn 0.9136 0.2590 0.3133
vn -0.0854 0.3589 -0.9295
vn -0.1582 0.1656 -0.9734
vn 0.6100 -0.1943 0.7682
vn -0.8869 -0.4474 -0.1154
vn 0.0927 -0.3591 0.9287
vn -0.8141 -0.1116 -0.5698
vn 0.0103 0.2751 0.9614
vn 0.0037 0.6752 0.7376
vn -0.6821 0.2357 0.6923
vn -0.4682 0.7567 0.4563
vn -0.7760 0.6301 -0.0278
vn -0.9722 0.2341 0.0019
vn 0.7553 -0.6551 0.0159
vn 0.4770 -0.7382 0.4770
vn 0.0159 -0.6551 0.7553
vn -0.4723 -0.7442 0.4723
vn -0.7553 -0.6551 -0.0159
vn -0.4770 -0.7382 -0.4770
vn -0.0159 -0.6551 -0.7553
vn 0.4723 -0.7442 -0.4723
vn 0.0019 0.2342 -0.9722
vn 0.6923 0.2357 -0.6821
vn 0.6899 -0.2195 -0.6899
vn 0.9614 0.2751 0.0103
vn 0.9669 -0.2548 0.0108
vn -0.0108 -0.2549 -0.9669
vn -0.6979 0.1611 -0.6979
vn -0.6911 -0.2118 -0.6911
vn -0.9669 -0.2549 -0.0108
vn -0.5027 0.7033 -0.5027
vn -0.0278 0.6302 -0.7760
vn 0.0019 0.2341 -0.9722
vn 0.4723 0.7442 0.4723
vn 0.7376 0.6753 0.0037
vn 0.4563 0.7567 -0.4682
vn 0.9614 0.2751 0.0102
vn 0.6888 0.2259 0.6888
vn 0.0102 0.2751 0.9614
vn -0.0278 0.6301 -0.7760
vn 0.0037 0.6753 0.7376
vn -0.0130 -0.9999 -0.0000
vn 0.6899 -0.6899 0.2195
vn 0.9999 0.0130 -0.0000
vn 0.9669 0.0108 0.2548
vn 0.7553 0.0159 0.6551
vn 0.4723 -0.4723 0.7442
vn -0.0159 -0.7553 0.6551
vn -0.0109 -0.9669 0.2548
vn 0.4770 0.4770 0.7382
vn 0.0159 0.7553 0.6551
vn -0.4723 0.4723 0.7442
vn -0.7553 -0.0159 0.6551
vn -0.4770 -0.4770 0.7382
vn -0.9999 -0.0130 -0.0000
vn -0.6911 -0.6911 0.2118
vn -0.9669 -0.0108 0.2548
vn 0.0130 0.9999 -0.0000
vn -0.7071 0.7071 -0.0000
vn -0.6899 0.6899 0.2195
vn 0.0108 0.9669 0.2549
vn 0.7071 0.7071 -0.0000
vn 0.6911 0.6911 0.2118
vn -0.0109 -0.2549 -0.9669
vn -0.6899 -0.2195 0.6899
vn 0.0108 -0.2549 0.9669
vn 0.6911 -0.2118 0.6911
vn -0.0108 -0.2548 -0.9669
vn 0.9669 -0.2548 0.0109
vn 0.9669 -0.2549 0.0108
vn 0.0109 -0.2549 0.9669
vn -0.7554 -0.6551 -0.0159
vn -0.9669 -0.2548 -0.0108
vn 0.7554 -0.6551 0.0159
vn -0.0109 -0.2548 -0.9669
vn 0.0109 -0.2548 0.9669
vn -0.0108 -0.9669 0.2548
vn 0.0108 0.9669 0.2548
vn -0.0109 -0.9669 0.2549
vn -0.9669 -0.0108 0.2549
vn 0.0109 0.9669 0.2549
vn -0.9669 -0.0109 0.2549
vn -0.0108 -0.9669 0.2549
vt 0.518968 0.599062
vt 0.589069 0.680299
vt 0.589069 0.518377
vt 0.701709 0.744127
vt 0.730292 0.994491
vt 0.702201 0.994805
vt 0.730224 0.744294
vt 0.698955 0.746151
vt 0.729495 0.994728
vt 0.698955 0.994728
vt 0.729495 0.746151
vt 0.732275 0.676048
vt 0.947462 0.703376
vt 0.704254 0.703280
vt 0.919102 0.676140
vt 0.632265 0.386076
vt 0.559135 0.259411
vt 0.632266 0.301633
vt 0.486005 0.386076
vt 0.486005 0.301633
vt 0.559135 0.428298
vt 0.559908 0.422895
vt 0.489400 0.300771
vt 0.489400 0.382187
vt 0.630416 0.300771
vt 0.559908 0.260064
vt 0.630416 0.382187
vt 0.641792 0.375524
vt 0.559794 0.267552
vt 0.641792 0.303543
vt 0.477796 0.375524
vt 0.477796 0.303543
vt 0.559794 0.411515
vt 0.535158 0.307391
vt 0.558210 0.381991
vt 0.520910 0.353502
vt 0.581263 0.307391
vt 0.595511 0.353502
vt 0.440442 0.680299
vt 0.440442 0.518377
vt 0.031535 0.013793
vt 0.002024 0.000576
vt 0.060643 0.007230
vt 0.538059 0.308904
vt 0.558805 0.376027
vt 0.525238 0.350401
vt 0.592371 0.350386
vt 0.579549 0.308895
vt 0.471629 0.423987
vt 0.405265 0.257103
vt 0.471629 0.257102
vt 0.405265 0.423987
vt 0.405433 0.257528
vt 0.471404 0.423980
vt 0.471404 0.257529
vt 0.405433 0.423980
vt 0.701897 0.991188
vt 0.731466 0.739766
vt 0.701898 0.739782
vt 0.731467 0.991188
vt 0.405297 0.424026
vt 0.471579 0.257464
vt 0.471579 0.424026
vt 0.405297 0.257464
vt 0.734112 0.484603
vt 0.703542 0.704916
vt 0.703512 0.456123
vt 0.734111 0.676271
vt 0.954935 0.704916
vt 0.924354 0.676218
vt 0.734112 0.484885
vt 0.703512 0.704916
vt 0.703531 0.456123
vt 0.734111 0.676332
vt 0.954954 0.704916
vt 0.924354 0.676374
vt 0.440401 0.680327
vt 0.589104 0.518765
vt 0.589078 0.680221
vt 0.440357 0.518826
vt 0.589104 0.518763
vt 0.589078 0.680217
vt 0.440360 0.518808
vt 0.440403 0.680325
vt 0.589104 0.518732
vt 0.589104 0.518733
vt 0.440360 0.518807
vt 0.589104 0.518744
vt 0.440405 0.680327
vt 0.440364 0.518813
vt 0.589078 0.680223
vt 0.498301 0.995162
vt 0.470641 0.995162
vt 0.470641 0.940221
vt 0.498301 0.878525
vt 0.526073 0.814780
vt 0.526073 0.995162
vt 0.554008 0.995162
vt 0.554008 0.814780
vt 0.581944 0.995162
vt 0.581944 0.814780
vt 0.609715 0.995162
vt 0.609715 0.878525
vt 0.637375 0.940221
vt 0.637375 0.995162
vt 0.590963 0.814780
vt 0.517053 0.814780
vt 0.559795 0.411515
vt 0.559795 0.267552
vt 0.002024 0.027011
vt 0.797417 0.258983
vt 0.804676 0.258983
vt 0.804676 0.670453
vt 0.797417 0.670453
vt 0.790159 0.258983
vt 0.790159 0.670453
vt 0.782901 0.258983
vt 0.782901 0.670453
vt 0.616660 0.707378
vt 0.614008 0.699791
vt 0.621673 0.707378
vt 0.612173 0.702937
vt 0.582081 0.691324
vt 0.582081 0.694957
vt 0.550154 0.699791
vt 0.551989 0.702937
vt 0.547502 0.707378
vt 0.542489 0.707378
vt 0.060643 0.020357
vt 0.254363 0.999988
vt 0.000015 0.999988
vt 0.254363 0.742704
vt 0.000015 0.742704
vt 0.440266 0.809092
vt 0.516759 0.809092
vt 0.516759 0.759522
vt 0.440266 0.759522
vt 0.516759 0.809057
vt 0.440266 0.809057
vt 0.516759 0.759359
vt 0.440266 0.759359
vt 0.516759 0.808984
vt 0.440266 0.808984
vt 0.516759 0.759196
vt 0.440266 0.759196
vt 0.516759 0.808835
vt 0.440266 0.808835
vt 0.516759 0.759394
vt 0.440266 0.759394
vt 0.516759 0.808954
vt 0.440266 0.808954
vt 0.516759 0.759411
vt 0.440266 0.759411
vt 0.516759 0.808957
vt 0.440266 0.808957
vt 0.119261 0.027011
vt 0.089750 0.013793
vt 0.119261 0.000576
vt 0.698914 0.440622
vt 0.698914 0.258477
vt 0.709232 0.440622
vt 0.709232 0.258477
vt 0.719550 0.440622
vt 0.719550 0.258477
vt 0.729868 0.440622
vt 0.729868 0.258477
vt 0.950907 0.736823
vt 0.738345 0.736934
vt 0.950939 0.713284
vt 0.738354 0.713561
vt 0.795858 0.666900
vt 0.803249 0.666900
vt 0.783362 0.666900
vt 0.698914 0.399085
vt 0.709232 0.399085
vt 0.719550 0.399085
vt 0.729792 0.440613
vt 0.729809 0.399078
vt 0.633225 0.838437
vt 0.641917 0.812191
vt 0.642069 0.862629
vt 0.816197 0.657188
vt 0.845338 0.604924
vt 0.875375 0.656932
vt 0.874518 0.658039
vt 0.816182 0.657624
vt 0.845452 0.599703
vt 0.803643 0.670211
vt 0.803627 0.255007
vt 0.783093 0.670211
vt 0.783098 0.255007
vt 0.803592 0.670211
vt 0.803608 0.255007
vt 0.783041 0.670211
vt 0.783036 0.255007
vt 0.844906 0.604807
vt 0.813427 0.658035
vt 0.876824 0.658005
vt 0.803081 0.666900
vt 0.803081 0.260636
vt 0.784146 0.666900
vt 0.784146 0.260636
vt 0.803249 0.260636
vt 0.783362 0.260636
vt 0.871591 0.656890
vt 0.817962 0.657272
vt 0.844683 0.603643
vt 0.813400 0.657969
vt 0.876819 0.657975
vt 0.844911 0.604835
vt 0.784062 0.666900
vt 0.784062 0.260636
vt 0.790802 0.666900
vt 0.790802 0.260636
vt 0.797543 0.666900
vt 0.797543 0.260636
vt 0.804283 0.666900
vt 0.804283 0.260636
vt 0.813605 0.657931
vt 0.876758 0.657958
vt 0.844915 0.604854
vt 0.795603 0.670453
vt 0.784897 0.258206
vt 0.784897 0.670529
vt 0.802630 0.258206
vt 0.802630 0.670529
vt 0.785880 0.258206
vt 0.785880 0.670529
vt 0.802463 0.258206
vt 0.802463 0.670529
vt 0.716970 0.440622
vt 0.786100 0.663618
vt 0.786100 0.249336
vt 0.791699 0.663618
vt 0.791699 0.249336
vt 0.797299 0.663618
vt 0.797299 0.249336
vt 0.802899 0.663618
vt 0.802899 0.249336
vt 0.795899 0.663618
vt 0.628142 0.390440
vt 0.585433 0.420686
vt 0.533098 0.421326
vt 0.475557 0.344130
vt 0.491117 0.392082
vt 0.535026 0.265551
vt 0.629317 0.294172
vt 0.587358 0.264917
vt 0.492260 0.295776
vt 0.644893 0.342109
vt 0.732282 0.491721
vt 0.704254 0.703281
vt 0.704278 0.456511
vt 0.732275 0.676034
vt 0.947520 0.703380
vt 0.919102 0.676139
vt 0.732282 0.491757
vt 0.803381 0.670615
vt 0.803381 0.255465
vt 0.782294 0.670615
vt 0.782294 0.255465
vt 0.803395 0.670615
vt 0.803395 0.255465
vt 0.782307 0.670615
vt 0.782307 0.255465
vt 0.704278 0.456420
vt 0.794603 0.670615
vt 0.783247 0.255465
vt 0.152879 0.614275
vt 0.131205 0.728879
vt 0.152899 0.731764
vt 0.785114 0.256501
vt 0.785114 0.667809
vt 0.800992 0.256501
vt 0.800992 0.667809
vt 0.784729 0.256501
vt 0.784729 0.667809
vt 0.800607 0.256501
vt 0.800607 0.667809
vt 0.131185 0.611389
vt 0.784157 0.257474
vt 0.784157 0.669446
vt 0.802523 0.257474
vt 0.802523 0.669446
vt 0.783920 0.257474
vt 0.783920 0.669446
vt 0.802286 0.257474
vt 0.802286 0.669446
vt 0.153801 0.457860
vt 0.122245 0.542153
vt 0.153627 0.542647
vt 0.122419 0.457366
vt 0.616566 0.812975
vt 0.616566 0.865883
vt 0.645468 0.812975
vt 0.645468 0.865883
vt 0.616527 0.812975
vt 0.616527 0.865883
vt 0.645430 0.812975
vt 0.645430 0.865883
vt 0.005083 0.098209
vt 0.116059 0.114983
vt 0.005176 0.124116
vt 0.099248 0.100621
vt 0.022550 0.076181
vt 0.007301 0.107111
vt 0.004991 0.090101
vt 0.115375 0.073061
vt 0.520551 0.814780
vt 0.470675 0.986084
vt 0.526089 0.814780
vt 0.957072 0.329494
vt 0.943316 0.374013
vt 0.885039 0.329494
vt 0.907299 0.401527
vt 0.862780 0.401527
vt 0.826762 0.374013
vt 0.813006 0.329494
vt 0.826759 0.284972
vt 0.862780 0.257460
vt 0.907299 0.257461
vt 0.943317 0.284973
vt 0.957069 0.329495
vt 0.943302 0.374004
vt 0.885048 0.329502
vt 0.907299 0.401517
vt 0.862788 0.401517
vt 0.826789 0.374005
vt 0.813030 0.329499
vt 0.826821 0.285022
vt 0.862792 0.257485
vt 0.907299 0.257469
vt 0.943295 0.285010
vt 0.000000 0.000000
vt 0.035212 0.000000
vt 0.000000 0.518035
vt 0.117017 0.020703
vt 0.117017 0.518441
vt 0.000000 0.020704
vt 0.081910 0.000000
vt 0.000000 0.518391
vt 0.117017 0.000000
vt 0.117017 0.517986
vt 0.726069 0.476758
vt 0.705280 0.455966
vt 0.726070 0.683787
vt 0.705346 0.704511
vt 0.953844 0.704531
vt 0.933100 0.683787
vt 0.726067 0.476759
vt 0.705276 0.455971
vt 0.726066 0.683790
vt 0.705343 0.704514
vt 0.953841 0.704535
vt 0.933097 0.683790
vt 0.953571 0.704265
vt 0.705572 0.704285
vt 0.705637 0.456333
vt 0.954187 0.704192
vt 0.705575 0.704282
vt 0.705642 0.456328
vt 0.733038 0.485547
vt 0.703960 0.456341
vt 0.733038 0.677785
vt 0.703960 0.706991
vt 0.953503 0.706991
vt 0.924426 0.677785
vt 0.703961 0.456341
vt 0.922644 0.675970
vt 0.952592 0.704854
vt 0.732809 0.675970
vt 0.702861 0.704854
vt 0.702861 0.458776
vt 0.732809 0.487660
vt 0.922644 0.675971
vt 0.732809 0.675971
vt 0.702861 0.458777
vt 0.954048 0.706762
vt 0.924711 0.677833
vt 0.702307 0.706763
vt 0.731644 0.677833
vt 0.731644 0.487458
vt 0.702306 0.458530
vt 0.924711 0.677834
vt 0.702306 0.706762
vt 0.731644 0.677834
vt 0.731644 0.487459
vt 0.954048 0.706763
vt 0.702306 0.706763
vt 0.800800 0.736901
vt 0.801413 0.713479
vt 0.498330 0.883358
vt 0.581927 0.979081
vt 0.581927 0.814780
vt 0.923726 0.673063
vt 0.956981 0.708879
vt 0.734767 0.673063
vt 0.699993 0.708879
vt 0.699993 0.533132
vt 0.734767 0.533132
vt 0.518227 0.754521
vt 0.529960 0.724739
vt 0.521897 0.754521
vt 0.526782 0.722922
vt 0.733106 0.741548
vt 0.733106 0.996924
vt 0.699004 0.741548
vt 0.699004 0.996924
vt 0.731217 0.741972
vt 0.731217 0.996134
vt 0.699031 0.741972
vt 0.699031 0.996134
vt 0.703799 0.994500
vt 0.703799 0.741271
vt 0.732859 0.994500
vt 0.732859 0.741271
vt 0.699294 0.996431
vt 0.699294 0.740888
vt 0.733416 0.996431
vt 0.733416 0.740888
vt 0.730383 0.996665
vt 0.730383 0.742156
vt 0.701863 0.996850
vt 0.701863 0.742340
vt 0.732947 0.740505
vt 0.732947 0.996060
vt 0.703261 0.740505
vt 0.703261 0.996060
vt 0.702561 0.740856
vt 0.702561 0.996722
vt 0.733170 0.740856
vt 0.732910 0.996672
vt 0.729730 0.741739
vt 0.729730 0.997553
vt 0.703188 0.741739
vt 0.703188 0.997553
vt 0.702544 0.741291
vt 0.702545 0.996299
vt 0.731098 0.741078
vt 0.731098 0.996294
vt 0.702540 0.741636
vt 0.702540 0.996309
vt 0.731098 0.741291
vt 0.731098 0.996299
vt 0.702538 0.741636
vt 0.702538 0.996309
vt 0.731098 0.741636
vt 0.731098 0.996309
vt 0.702542 0.741291
vt 0.702540 0.996299
vt 0.702543 0.741078
vt 0.702546 0.996294
vt 0.832462 0.550281
vt 0.832475 0.571766
vt 0.998799 0.542680
vt 0.998801 0.737317
vt 0.832462 0.550076
vt 0.998799 0.541701
vt 0.729683 0.741739
vt 0.729683 0.997553
vt 0.703184 0.741739
vt 0.703184 0.997553
vt 0.169307 0.734619
vt 0.195411 0.734618
vt 0.169307 0.000000
vt 0.195411 0.000000
vt 0.645221 0.256317
vt 0.645221 0.426839
vt 0.476189 0.256317
vt 0.476189 0.426839
vt 0.832431 0.498644
vt 0.998797 0.333347
vt 0.689288 0.995064
vt 0.648706 0.991185
vt 0.689273 0.255239
vt 0.648753 0.258955
vt 0.689234 0.993575
vt 0.648852 0.989687
vt 0.689249 0.253736
vt 0.648805 0.257786
vt 0.648706 0.991186
vt 0.648706 0.931308
vt 0.689288 0.931308
vt 0.648706 0.317682
vt 0.689288 0.317682
vt 0.648852 0.317370
vt 0.648852 0.931253
vt 0.689234 0.317370
vt 0.689234 0.931253
vt 0.117017 0.462697
vt 0.000000 0.463129
vt 0.169307 0.656233
vt 0.195411 0.656225
vt 0.117017 0.463174
vt 0.000000 0.462739
vt 0.195419 0.656243
vt 0.169307 0.656251
vt 0.195425 -0.000344
vt 0.169307 -0.000344
vt 0.579768 0.684296
vt 0.437549 0.684296
vt 0.579768 0.517784
vt 0.437549 0.517784
vt 0.582683 0.513964
vt 0.582683 0.683962
vt 0.442242 0.513964
vt 0.442242 0.683962
vt 0.446119 0.516205
vt 0.582929 0.516205
vt 0.446119 0.681348
vt 0.582929 0.681348
vt 0.584467 0.514985
vt 0.584467 0.685337
vt 0.436912 0.514985
vt 0.436912 0.685337
vt 0.579563 0.517327
vt 0.579563 0.684215
vt 0.437214 0.517327
vt 0.437214 0.684215
vt 0.471587 0.257144
vt 0.471587 0.423948
vt 0.405314 0.257144
vt 0.405314 0.423948
vt 0.701164 0.740534
vt 0.734375 0.740534
vt 0.701164 0.995952
vt 0.734375 0.995952
vt 0.703357 0.739456
vt 0.732291 0.739456
vt 0.703357 0.996538
vt 0.732291 0.996538
vt 0.698500 0.741761
vt 0.731994 0.741761
vt 0.698500 0.995528
vt 0.731994 0.995529
vt 0.732793 0.996287
vt 0.732793 0.740676
vt 0.701284 0.996287
vt 0.701284 0.740676
vt 0.416474 0.254503
vt 0.593368 0.254503
vt 0.416541 0.001810
vt 0.593467 0.001810
vt 0.433866 0.747219
vt 0.433767 0.999912
vt 0.256940 0.747219
vt 0.256873 0.999912
vt 0.731409 0.742076
vt 0.731409 0.994896
vt 0.703757 0.742352
vt 0.703757 0.994621
vt 0.701700 0.996727
vt 0.701700 0.744975
vt 0.731911 0.997003
vt 0.731911 0.744700
vt 0.698264 0.995212
vt 0.698264 0.740794
vt 0.732479 0.994934
vt 0.732479 0.741071
vt 0.730874 0.993349
vt 0.730875 0.742396
vt 0.702039 0.993070
vt 0.702039 0.742675
vt 0.733993 0.742027
vt 0.733993 0.996373
vt 0.702020 0.742027
vt 0.702020 0.996373
vt 0.703445 0.995999
vt 0.703445 0.741201
vt 0.730780 0.995994
vt 0.730780 0.741206
vt 0.702916 0.740591
vt 0.702915 0.994974
vt 0.730655 0.740874
vt 0.904968 0.760007
vt 0.703224 0.992926
vt 0.703224 0.744985
vt 0.733498 0.993202
vt 0.733498 0.744709
vt 0.704368 0.741948
vt 0.704368 0.994436
vt 0.730757 0.741954
vt 0.730757 0.994431
vt 0.701957 0.995419
vt 0.701957 0.741758
vt 0.733519 0.995424
vt 0.733519 0.741752
vt 0.705280 0.989572
vt 0.705280 0.744914
vt 0.734495 0.989845
vt 0.734495 0.744641
vt 0.700813 0.994692
vt 0.700813 0.740054
vt 0.731486 0.994697
vt 0.731486 0.740049
vt 0.405399 0.423998
vt 0.471629 0.423998
vt 0.405399 0.257360
vt 0.471629 0.257360
vt 0.733380 0.997006
vt 0.700147 0.997006
vt 0.733380 0.738834
vt 0.700148 0.738834
vt 0.701486 0.739526
vt 0.732338 0.739526
vt 0.701486 0.998495
vt 0.732339 0.998495
vt 0.471067 0.427936
vt 0.317851 0.427936
vt 0.471067 0.252530
vt 0.317851 0.252530
vt 0.702022 0.739748
vt 0.732983 0.739748
vt 0.702022 0.996997
vt 0.722965 0.995499
vt 0.702301 0.741302
vt 0.731868 0.741302
vt 0.702300 0.997663
vt 0.731867 0.997663
vt 0.732984 0.996997
vt 0.732984 0.739748
vt 0.697109 0.996694
vt 0.697109 0.736169
vt 0.734032 0.996694
vt 0.734032 0.736169
vt 0.701869 0.742651
vt 0.701869 0.993393
vt 0.730444 0.742651
vt 0.730444 0.993393
vt 0.729672 0.741739
vt 0.729672 0.997553
vt 0.703183 0.741739
vt 0.703183 0.997553
vt 0.729832 0.741739
vt 0.729832 0.997553
vt 0.703196 0.741739
vt 0.703196 0.997553
vt 0.729784 0.741739
vt 0.729784 0.997553
vt 0.703192 0.741739
vt 0.703192 0.997553
vt 0.731795 0.745054
vt 0.731795 0.994306
vt 0.700387 0.745054
vt 0.700387 0.994306
vt 0.728288 0.998567
vt 0.700572 0.998567
vt 0.728288 0.740108
vt 0.700572 0.740108
vt 0.730098 0.742455
vt 0.730098 0.996260
vt 0.703383 0.742455
vt 0.703383 0.996260
vt 0.319549 0.424462
vt 0.319549 0.253908
vt 0.464037 0.424462
vt 0.464037 0.253908
vt 0.471525 0.424025
vt 0.405312 0.424026
vt 0.471525 0.257319
vt 0.405312 0.257319
vt 0.732859 0.741390
vt 0.732859 0.995830
vt 0.699692 0.741390
vt 0.699692 0.995830
vt 0.471372 0.257561
vt 0.405484 0.257561
vt 0.471372 0.423960
vt 0.405484 0.423960
vt 0.732644 0.739629
vt 0.732644 0.996032
vt 0.700893 0.739629
vt 0.700893 0.996032
vt 0.732642 0.739629
vt 0.732642 0.996032
vt 0.700857 0.739629
vt 0.700857 0.996032
vt 0.732655 0.739629
vt 0.732655 0.996032
vt 0.701040 0.739629
vt 0.701040 0.996032
vt 0.732652 0.739629
vt 0.732652 0.996032
vt 0.701003 0.739629
vt 0.701003 0.996032
vt 0.700854 0.739629
vt 0.700854 0.996032
vt 0.732663 0.739629
vt 0.732663 0.996032
vt 0.701156 0.739629
vt 0.701156 0.996032
vt 0.827901 0.571698
vt 0.827855 0.498896
vt 0.999003 0.742834
vt 0.998998 0.326833
vt 0.999004 0.742870
vt 0.998999 0.326856
vt 0.827901 0.571665
vt 0.827855 0.498866
vt 0.475560 0.344129
vt 0.533100 0.421312
vt 0.491123 0.392072
vt 0.628144 0.390430
vt 0.535029 0.265552
vt 0.587365 0.264920
vt 0.585434 0.420683
vt 0.492289 0.295787
vt 0.475580 0.344124
vt 0.533123 0.421293
vt 0.491173 0.392049
vt 0.628121 0.390427
vt 0.535030 0.265556
vt 0.629317 0.294173
vt 0.587345 0.264934
vt 0.585433 0.420681
vt 0.492389 0.295787
vt 0.634202 0.724739
vt 0.645935 0.754521
vt 0.642265 0.754521
vt 0.644093 0.812059
vt 0.643594 0.864337
vt 0.615472 0.835664
vt 0.637380 0.722922
vt 0.533104 0.421324
vt 0.491126 0.392079
vt 0.628147 0.390438
vt 0.535028 0.265550
vt 0.587363 0.264915
vt 0.585435 0.420685
vt 0.492283 0.295768
vt 0.630091 0.853665
vt 0.646412 0.825395
vt 0.613770 0.825395
vt 0.988704 0.404177
vt 0.988704 0.668728
vt 0.923248 0.651006
vt 0.857791 0.536453
vt 0.875330 0.602590
vt 0.923248 0.421899
vt 0.875330 0.470315
vt 0.470675 0.940221
vt 0.609686 0.883358
vt 0.587465 0.814780
vt 0.844919 0.604817
vt 0.637341 0.940221
vt 0.440859 0.681794
vt 0.586434 0.682070
vt 0.440817 0.519902
vt 0.586429 0.519774
vt 0.734620 0.533132
vt 0.699873 0.533132
vt 0.734620 0.673063
vt 0.699873 0.708879
vt 0.195418 0.734619
vt 0.195425 0.029009
vt 0.169307 0.734620
vt 0.169307 0.029005
vt 0.209103 0.708925
vt 0.209103 0.014005
vt 0.285450 0.708925
vt 0.285450 0.019390
vt 0.118851 0.000000
vt 0.118851 0.738727
vt 0.001658 0.000000
vt 0.001658 0.732070
vt 0.286561 0.709017
vt 0.286561 0.019458
vt 0.303202 0.709017
vt 0.303202 0.018484
vt 0.285432 0.708925
vt 0.208514 0.708925
vt 0.285432 0.014005
vt 0.208514 0.019390
vt 0.286561 0.018484
vt 0.303202 0.019458
vt 0.284183 0.708925
vt 0.284183 0.012138
vt 0.208514 0.018416
vt 0.209103 0.014006
vt 0.285450 0.019391
vt 0.118851 0.738726
vt 0.001658 0.732070
vt 0.286561 0.019458
vt 0.303202 0.018484
vt 0.285432 0.014006
vt 0.208514 0.019391
vt 0.286561 0.018484
vt 0.303202 0.019459
vt 0.284183 0.012138
vt 0.208514 0.018417
vt 0.209103 0.014005
vt 0.285450 0.019390
vt 0.118851 0.738727
vt 0.001658 0.732070
vt 0.286561 0.019458
vt 0.303202 0.018484
vt 0.285432 0.014005
vt 0.286561 0.018484
vt 0.303202 0.019458
vt 0.284183 0.012138
vt 0.585663 0.420259
vt 0.533994 0.420414
vt 0.491244 0.391392
vt 0.488178 0.297069
vt 0.473744 0.344279
vt 0.580701 0.267641
vt 0.640951 0.343776
vt 0.623451 0.296663
vt 0.529032 0.267796
vt 0.626517 0.390986
vt 0.950682 0.101878
vt 0.950682 0.148040
vt 0.904522 0.101878
vt 0.904522 0.148040
vt 0.858360 0.148040
vt 0.858360 0.101878
vt 0.858360 0.055718
vt 0.904522 0.055718
vt 0.950682 0.055718
s 1
usemtl Material.001
f 1/1/1 2/2/1 3/3/1
f 4/4/2 5/5/2 6/6/2
f 5/5/2 4/4/2 7/7/2
f 8/7/3 9/6/3 10/5/3
f 9/6/3 8/7/3 11/4/3
f 11/8/4 6/9/4 9/10/4
f 6/9/4 11/8/4 4/11/4
f 9/12/5 12/13/5 13/14/5
f 12/13/5 9/12/5 6/15/6
f 14/16/7 15/17/7 16/18/7
f 15/17/7 14/16/7 17/19/7
f 18/20/7 15/17/7 17/19/7
f 17/19/7 14/16/7 19/21/7
f 20/22/8 21/23/8 22/24/8
f 21/23/8 20/22/8 23/25/8
f 24/26/8 21/23/8 23/25/8
f 23/25/8 20/22/8 25/27/8
f 26/16/7 27/17/7 28/18/7
f 27/17/7 26/16/7 29/19/7
f 30/20/7 27/17/7 29/19/7
f 29/19/7 26/16/7 31/21/7
f 32/22/8 33/23/8 34/24/8
f 33/23/8 32/22/8 35/25/8
f 36/26/8 33/23/8 35/25/8
f 35/25/8 32/22/8 37/27/8
f 38/16/7 39/17/7 40/18/7
f 39/17/7 38/16/7 41/19/7
f 42/20/7 39/17/7 41/19/7
f 41/19/7 38/16/7 43/21/7
f 44/22/8 45/23/8 46/24/8
f 45/23/8 44/22/8 47/25/8
f 48/26/8 45/23/8 47/25/8
f 47/25/8 44/22/8 49/27/8
f 50/16/7 51/17/7 52/18/7
f 51/17/7 50/16/7 53/19/7
f 54/20/7 51/17/7 53/19/7
f 53/19/7 50/16/7 55/21/7
f 56/22/8 57/23/8 58/24/8
f 57/23/8 56/22/8 59/25/8
f 60/26/8 57/23/8 59/25/8
f 59/25/8 56/22/8 61/27/8
f 62/28/2 63/29/2 64/30/2
f 63/29/2 62/28/2 65/31/2
f 66/32/2 63/29/2 65/31/2
f 65/31/2 62/28/2 67/33/2
f 68/34/9 69/35/10 70/36/11
f 71/37/12 69/35/10 68/34/9
f 71/37/12 72/38/13 69/35/10
f 1/1/14 73/39/14 2/2/14
f 74/34/15 75/35/16 76/36/17
f 77/37/18 75/35/16 74/34/15
f 77/37/18 78/38/19 75/35/16
f 1/1/20 79/40/20 73/39/20
f 80/34/21 81/35/22 82/36/23
f 83/37/24 81/35/22 80/34/21
f 83/37/24 84/38/25 81/35/22
f 1/1/26 3/3/26 79/40/26
f 85/34/9 86/35/10 87/36/11
f 88/37/27 86/35/10 85/34/9
f 88/37/27 89/38/13 86/35/10
f 90/41/28 91/42/28 92/43/28
f 93/44/29 94/45/15 95/46/17
f 93/44/29 96/47/30 94/45/15
f 93/44/29 97/48/31 96/47/30
f 98/49/32 99/50/32 100/51/32
f 99/50/32 98/49/32 101/52/32
f 101/53/33 102/54/33 99/55/33
f 102/54/33 101/53/33 103/56/33
f 103/57/34 104/58/34 102/59/34
f 104/58/34 103/57/34 105/60/34
f 105/61/35 100/62/35 104/63/35
f 100/62/35 105/61/35 98/64/35
f 99/65/36 106/66/36 107/67/36
f 106/66/36 99/65/36 102/68/36
f 102/68/36 108/69/36 106/66/36
f 108/69/36 102/68/36 104/70/36
f 104/71/36 109/72/36 108/73/36
f 109/72/36 104/71/36 100/74/36
f 100/74/36 107/75/36 109/72/36
f 107/75/36 100/74/36 99/76/36
f 110/77/37 111/78/37 112/79/37
f 111/78/37 110/77/37 113/80/37
f 113/77/38 114/81/38 111/79/38
f 114/81/38 113/77/38 115/80/38
f 115/80/39 116/79/39 114/78/39
f 116/79/39 115/80/39 117/77/39
f 117/80/40 112/79/40 116/81/40
f 112/79/40 117/80/40 110/77/40
f 112/82/41 118/83/41 119/84/41
f 118/83/41 112/82/41 111/85/41
f 111/82/42 120/83/42 118/84/42
f 120/83/42 111/82/42 114/85/42
f 114/84/43 121/86/43 120/82/43
f 121/86/43 114/84/43 116/87/43
f 116/85/44 119/84/44 121/83/44
f 119/84/44 116/85/44 112/82/44
f 119/88/45 122/89/45 123/90/45
f 122/89/45 119/88/45 118/91/45
f 118/84/46 124/85/46 122/82/46
f 124/85/46 118/84/46 120/83/46
f 120/83/47 125/82/47 124/85/47
f 125/82/47 120/83/47 121/84/47
f 121/83/48 123/82/48 125/85/48
f 123/82/48 121/83/48 119/84/48
f 126/92/49 127/93/50 128/94/50
f 129/95/51 126/92/49 128/94/50
f 130/96/52 126/92/49 129/95/51
f 130/96/52 131/97/52 126/92/49
f 132/98/7 131/97/52 130/96/52
f 133/99/7 132/98/7 130/96/52
f 134/100/53 132/98/7 133/99/7
f 135/101/53 134/100/53 133/99/7
f 136/102/54 134/100/53 135/101/53
f 137/103/55 136/102/54 135/101/53
f 137/103/55 138/104/56 136/102/54
f 138/104/56 139/105/56 136/102/54
f 140/106/57 137/103/55 135/101/53
f 141/107/58 130/96/52 129/95/51
f 142/108/3 143/32/3 144/31/3
f 143/32/3 142/108/3 145/30/3
f 146/109/3 143/32/3 145/30/3
f 145/30/3 142/108/3 147/28/3
f 148/34/59 149/35/60 150/36/61
f 151/37/62 149/35/60 148/34/59
f 151/37/62 152/38/63 149/35/60
f 90/41/64 153/110/64 91/42/64
f 154/111/65 155/112/33 156/113/33
f 157/114/65 154/111/65 156/113/33
f 158/115/66 154/111/65 157/114/65
f 159/116/66 158/115/66 157/114/65
f 155/117/33 158/115/66 159/116/66
f 156/118/33 155/117/33 159/116/66
f 160/119/67 130/120/67 141/121/67
f 130/120/67 160/119/67 161/122/67
f 161/122/67 133/123/67 130/120/67
f 133/123/67 161/122/67 162/124/67
f 162/124/67 135/125/67 133/123/67
f 135/125/67 162/124/67 163/126/67
f 164/127/67 135/125/67 163/126/67
f 135/125/67 164/127/67 140/128/67
f 165/129/68 153/110/68 90/41/68
f 166/130/33 167/131/33 168/132/33
f 167/131/33 169/133/33 168/132/33
f 168/132/33 169/133/33 170/130/33
f 169/133/33 171/131/33 170/130/33
f 170/130/33 171/131/33 172/132/33
f 171/131/33 173/133/33 172/132/33
f 172/132/33 173/133/33 174/130/33
f 173/133/33 175/131/33 174/130/33
f 174/130/33 175/131/33 176/132/33
f 175/131/33 177/133/33 176/132/33
f 176/132/33 177/133/33 178/130/33
f 177/133/33 179/131/33 178/130/33
f 178/130/33 179/131/33 180/132/33
f 179/131/33 181/133/33 180/132/33
f 180/132/33 181/133/33 182/130/33
f 181/133/33 183/131/33 182/130/33
f 184/134/69 185/135/69 186/136/70
f 187/137/70 184/134/69 186/136/70
f 186/136/70 188/138/71 187/137/70
f 187/137/70 188/138/71 189/139/71
f 188/138/71 190/140/72 189/139/71
f 189/139/71 190/140/72 191/141/72
f 190/140/72 192/142/73 191/141/72
f 191/141/72 192/142/73 193/143/73
f 192/142/73 194/144/74 193/143/73
f 193/143/73 194/144/74 195/145/74
f 194/144/74 196/146/75 195/145/74
f 195/145/74 196/146/75 197/147/75
f 196/146/75 198/148/76 197/147/75
f 197/147/75 198/148/76 199/149/76
f 198/148/76 200/150/77 199/149/76
f 199/149/76 200/150/77 201/151/77
f 200/150/77 202/152/78 201/151/77
f 201/151/77 202/152/78 203/153/78
f 202/152/78 185/154/69 203/153/78
f 185/154/69 184/155/69 203/153/78
f 204/154/7 205/155/7 206/153/79
f 207/152/79 204/154/7 206/153/79
f 208/151/80 207/152/79 206/153/79
f 209/150/80 207/152/79 208/151/80
f 210/149/81 209/150/80 208/151/80
f 211/148/81 209/150/80 210/149/81
f 212/147/82 211/148/81 210/149/81
f 213/146/82 211/148/81 212/147/82
f 214/145/8 213/146/82 212/147/82
f 215/144/8 213/146/82 214/145/8
f 216/143/83 215/144/8 214/145/8
f 217/142/83 215/144/8 216/143/83
f 218/141/84 217/142/83 216/143/83
f 219/140/84 217/142/83 218/141/84
f 220/139/85 219/140/84 218/141/84
f 221/138/85 219/140/84 220/139/85
f 222/137/86 221/138/85 220/139/85
f 223/136/86 221/138/85 222/137/86
f 222/137/86 205/134/7 223/136/86
f 205/134/7 204/135/7 223/136/86
f 224/154/87 225/155/87 226/153/88
f 227/152/88 224/154/87 226/153/88
f 228/151/89 227/152/88 226/153/88
f 229/150/89 227/152/88 228/151/89
f 230/149/90 229/150/89 228/151/89
f 231/148/90 229/150/89 230/149/90
f 232/147/91 231/148/90 230/149/90
f 233/146/91 231/148/90 232/147/91
f 234/145/92 233/146/91 232/147/91
f 235/144/92 233/146/91 234/145/92
f 236/143/93 235/144/92 234/145/92
f 237/142/93 235/144/92 236/143/93
f 238/141/94 237/142/93 236/143/93
f 239/140/94 237/142/93 238/141/94
f 240/139/95 239/140/94 238/141/94
f 241/138/95 239/140/94 240/139/95
f 242/137/96 241/138/95 240/139/95
f 243/136/96 241/138/95 242/137/96
f 242/137/96 225/134/87 243/136/96
f 225/134/87 224/135/87 243/136/96
f 244/154/97 245/155/97 246/153/88
f 247/152/88 244/154/97 246/153/88
f 248/151/89 247/152/88 246/153/88
f 249/150/89 247/152/88 248/151/89
f 250/149/90 249/150/89 248/151/89
f 251/148/90 249/150/89 250/149/90
f 252/147/91 251/148/90 250/149/90
f 253/146/91 251/148/90 252/147/91
f 254/145/92 253/146/91 252/147/91
f 255/144/92 253/146/91 254/145/92
f 256/143/93 255/144/92 254/145/92
f 257/142/93 255/144/92 256/143/93
f 258/141/94 257/142/93 256/143/93
f 259/140/94 257/142/93 258/141/94
f 260/139/95 259/140/94 258/141/94
f 261/138/95 259/140/94 260/139/95
f 262/137/96 261/138/95 260/139/95
f 263/136/96 261/138/95 262/137/96
f 262/137/96 245/134/97 263/136/96
f 245/134/97 244/135/97 263/136/96
f 264/154/98 265/155/98 266/153/99
f 267/152/99 264/154/98 266/153/99
f 268/151/100 267/152/99 266/153/99
f 269/150/100 267/152/99 268/151/100
f 270/149/101 269/150/100 268/151/100
f 271/148/101 269/150/100 270/149/101
f 272/147/102 271/148/101 270/149/101
f 273/146/102 271/148/101 272/147/102
f 274/145/103 273/146/102 272/147/102
f 275/144/103 273/146/102 274/145/103
f 276/143/104 275/144/103 274/145/103
f 277/142/104 275/144/103 276/143/104
f 278/141/105 277/142/104 276/143/104
f 279/140/105 277/142/104 278/141/105
f 280/139/106 279/140/105 278/141/105
f 281/138/106 279/140/105 280/139/106
f 282/137/107 281/138/106 280/139/106
f 283/136/107 281/138/106 282/137/107
f 282/137/107 265/134/98 283/136/107
f 265/134/98 264/135/98 283/136/107
f 284/154/7 285/155/7 286/153/108
f 287/152/109 284/154/7 286/153/108
f 288/151/110 287/152/109 286/153/108
f 289/150/110 287/152/109 288/151/110
f 290/149/111 289/150/110 288/151/110
f 291/148/111 289/150/110 290/149/111
f 292/147/112 291/148/111 290/149/111
f 293/146/112 291/148/111 292/147/112
f 294/145/8 293/146/112 292/147/112
f 295/144/8 293/146/112 294/145/8
f 296/143/113 295/144/8 294/145/8
f 297/142/113 295/144/8 296/143/113
f 298/141/114 297/142/113 296/143/113
f 299/140/114 297/142/113 298/141/114
f 300/139/115 299/140/114 298/141/114
f 301/138/115 299/140/114 300/139/115
f 302/137/116 301/138/115 300/139/115
f 303/136/116 301/138/115 302/137/116
f 302/137/116 285/134/7 303/136/116
f 285/134/7 284/135/7 303/136/116
f 304/154/7 305/155/7 306/153/117
f 307/152/117 304/154/7 306/153/117
f 308/151/118 307/152/117 306/153/117
f 309/150/118 307/152/117 308/151/118
f 310/149/119 309/150/118 308/151/118
f 311/148/119 309/150/118 310/149/119
f 312/147/120 311/148/119 310/149/119
f 313/146/120 311/148/119 312/147/120
f 314/145/8 313/146/120 312/147/120
f 315/144/8 313/146/120 314/145/8
f 316/143/121 315/144/8 314/145/8
f 317/142/121 315/144/8 316/143/121
f 318/141/122 317/142/121 316/143/121
f 319/140/122 317/142/121 318/141/122
f 320/139/123 319/140/122 318/141/122
f 321/138/123 319/140/122 320/139/123
f 322/137/124 321/138/123 320/139/123
f 323/136/124 321/138/123 322/137/124
f 322/137/124 305/134/7 323/136/124
f 305/134/7 304/135/7 323/136/124
f 324/130/32 325/132/32 326/131/32
f 326/131/32 325/132/32 327/133/32
f 325/132/32 328/130/32 327/133/32
f 327/133/32 328/130/32 329/131/32
f 328/130/32 330/132/32 329/131/32
f 329/131/32 330/132/32 331/133/32
f 330/132/32 332/130/32 331/133/32
f 331/133/32 332/130/32 333/131/32
f 332/130/32 334/132/32 333/131/32
f 333/131/32 334/132/32 335/133/32
f 334/132/32 336/130/32 335/133/32
f 335/133/32 336/130/32 337/131/32
f 336/130/32 338/132/32 337/131/32
f 337/131/32 338/132/32 339/133/32
f 338/132/32 183/130/32 339/133/32
f 339/133/32 183/130/32 340/131/32
f 341/130/32 166/131/32 342/132/32
f 166/131/32 168/133/32 342/132/32
f 342/132/32 168/133/32 343/130/32
f 168/133/32 170/131/32 343/130/32
f 343/130/32 170/131/32 344/132/32
f 170/131/32 172/133/32 344/132/32
f 344/132/32 172/133/32 345/130/32
f 172/133/32 174/131/32 345/130/32
f 345/130/32 174/131/32 346/132/32
f 174/131/32 176/133/32 346/132/32
f 346/132/32 176/133/32 347/130/32
f 176/133/32 178/131/32 347/130/32
f 347/130/32 178/131/32 348/132/32
f 178/131/32 180/133/32 348/132/32
f 348/132/32 180/133/32 349/130/32
f 180/133/32 182/131/32 349/130/32
f 165/129/125 350/156/125 153/110/125
f 351/130/35 341/131/35 352/132/35
f 341/131/35 342/133/35 352/132/35
f 352/132/35 342/133/35 353/130/35
f 342/133/35 343/131/35 353/130/35
f 353/130/35 343/131/35 354/132/35
f 343/131/35 344/133/35 354/132/35
f 354/132/35 344/133/35 355/130/35
f 344/133/35 345/131/35 355/130/35
f 355/130/35 345/131/35 356/132/35
f 345/131/35 346/133/35 356/132/35
f 356/132/35 346/133/35 357/130/35
f 346/133/35 347/131/35 357/130/35
f 357/130/35 347/131/35 358/132/35
f 347/131/35 348/133/35 358/132/35
f 358/132/35 348/133/35 340/130/35
f 348/133/35 349/131/35 340/130/35
f 359/157/126 350/156/126 165/129/126
f 167/130/34 351/131/34 169/132/34
f 351/131/34 352/133/34 169/132/34
f 169/132/34 352/133/34 171/130/34
f 352/133/34 353/131/34 171/130/34
f 171/130/34 353/131/34 173/132/34
f 353/131/34 354/133/34 173/132/34
f 173/132/34 354/133/34 175/130/34
f 354/133/34 355/131/34 175/130/34
f 175/130/34 355/131/34 177/132/34
f 355/131/34 356/133/34 177/132/34
f 177/132/34 356/133/34 179/130/34
f 356/133/34 357/131/34 179/130/34
f 179/130/34 357/131/34 181/132/34
f 357/131/34 358/133/34 181/132/34
f 181/132/34 358/133/34 183/130/34
f 358/133/34 340/131/34 183/130/34
f 359/157/127 360/158/127 350/156/127
f 361/130/35 362/132/35 324/131/35
f 324/131/35 362/132/35 325/133/35
f 362/132/35 363/130/35 325/133/35
f 325/133/35 363/130/35 328/131/35
f 363/130/35 364/132/35 328/131/35
f 328/131/35 364/132/35 330/133/35
f 364/132/35 365/130/35 330/133/35
f 330/133/35 365/130/35 332/131/35
f 365/130/35 366/132/35 332/131/35
f 332/131/35 366/132/35 334/133/35
f 366/132/35 367/130/35 334/133/35
f 334/133/35 367/130/35 336/131/35
f 367/130/35 368/132/35 336/131/35
f 336/131/35 368/132/35 338/133/35
f 368/132/35 182/130/35 338/133/35
f 338/133/35 182/130/35 183/131/35
f 369/159/8 370/160/8 371/161/128
f 370/160/8 372/162/128 371/161/128
f 371/161/128 372/162/128 373/163/129
f 372/162/128 374/164/129 373/163/129
f 373/163/129 374/164/129 369/165/8
f 374/164/129 370/166/8 369/165/8
f 92/43/130 360/158/130 359/157/130
f 375/167/131 376/168/132 377/169/133
f 377/169/133 376/168/132 378/170/134
f 376/168/132 379/167/135 378/170/134
f 378/170/134 379/167/135 380/169/136
f 379/167/135 381/168/137 380/169/136
f 380/169/136 381/168/137 382/170/138
f 383/118/32 384/117/32 385/116/139
f 384/117/32 386/115/139 385/116/139
f 385/116/139 386/115/139 387/114/140
f 386/115/139 388/111/140 387/114/140
f 387/114/140 388/111/140 383/113/32
f 388/111/140 384/112/32 383/113/32
f 92/43/141 91/42/141 360/158/141
f 389/118/142 390/117/143 391/116/144
f 390/117/143 392/115/144 391/116/144
f 391/116/144 392/115/144 393/114/65
f 392/115/144 394/111/65 393/114/65
f 393/114/65 394/111/65 389/113/142
f 394/111/65 390/112/143 389/113/142
f 395/171/7 396/172/7 397/173/7
f 398/159/8 399/174/8 400/161/128
f 399/174/8 401/175/128 400/161/128
f 400/161/128 401/175/128 402/163/129
f 401/175/128 403/176/129 402/163/129
f 402/163/129 403/176/129 398/177/8
f 403/176/129 399/178/8 398/177/8
f 404/179/7 405/180/7 406/181/7
f 407/159/8 408/160/8 409/161/145
f 408/160/8 410/162/145 409/161/145
f 409/161/145 410/162/145 411/163/146
f 410/162/145 412/164/146 411/163/146
f 411/163/146 412/164/146 407/165/8
f 412/164/146 408/166/8 407/165/8
f 413/182/147 414/183/147 415/184/147
f 416/167/148 417/169/149 418/168/150
f 417/169/151 419/170/152 418/168/153
f 418/168/153 419/170/152 420/167/154
f 419/170/152 421/169/155 420/167/154
f 420/167/154 421/169/155 422/168/156
f 421/169/155 423/170/157 422/168/158
f 424/185/159 425/186/159 426/187/159
f 406/188/33 427/189/33 404/190/66
f 427/189/33 428/191/66 404/190/66
f 404/190/66 428/191/66 405/192/65
f 428/191/66 429/193/65 405/192/65
f 405/192/65 429/193/65 406/194/33
f 429/193/65 427/195/33 406/194/33
f 430/196/160 431/197/160 432/198/160
f 397/199/34 433/200/34 395/201/161
f 433/200/34 434/202/161 395/201/161
f 395/201/161 434/202/161 396/172/162
f 434/202/161 435/203/162 396/172/162
f 396/172/162 435/203/162 397/173/34
f 435/203/162 433/204/34 397/173/34
f 436/205/163 437/206/163 438/207/163
f 439/167/164 440/168/165 441/169/166
f 441/169/166 440/168/165 442/170/167
f 440/168/165 443/167/168 442/170/167
f 442/170/167 443/167/168 444/169/169
f 443/167/168 445/168/170 444/169/169
f 444/169/169 445/168/170 446/170/171
f 447/118/172 448/117/173 449/116/174
f 448/117/173 450/115/174 449/116/174
f 449/116/174 450/115/174 451/114/65
f 450/115/174 452/111/65 451/114/65
f 451/114/65 452/111/65 447/113/172
f 452/111/65 448/112/173 447/113/172
f 453/208/175 454/209/175 455/210/175
f 456/211/33 457/212/33 458/213/66
f 457/212/33 459/214/66 458/213/66
f 458/213/66 459/214/66 460/215/65
f 459/214/66 461/216/65 460/215/65
f 460/215/65 461/216/65 456/217/33
f 461/216/65 457/218/33 456/217/33
f 462/219/176 463/220/176 464/221/176
f 465/159/177 466/160/178 467/161/179
f 466/160/178 468/162/179 467/161/179
f 467/161/179 468/162/179 469/163/146
f 468/162/179 470/164/146 469/163/146
f 469/163/146 470/164/146 465/165/177
f 470/164/146 466/166/178 465/165/177
f 471/222/7 472/114/7 473/113/7
f 474/223/180 475/224/180 476/225/67
f 475/224/180 477/226/67 476/225/67
f 476/225/67 477/226/67 478/227/181
f 477/226/67 479/228/181 478/227/181
f 478/227/181 479/228/181 474/229/180
f 479/228/181 475/230/180 474/229/180
f 480/231/34 481/163/34 482/165/34
f 483/211/33 484/212/33 485/213/66
f 484/212/33 486/214/66 485/213/66
f 485/213/66 486/214/66 487/215/65
f 486/214/66 488/216/65 487/215/65
f 487/215/65 488/216/65 483/217/33
f 488/216/65 484/218/33 483/217/33
f 489/160/32 490/164/32 491/162/32
f 492/232/35 493/233/35 494/234/182
f 493/233/35 495/235/182 494/234/182
f 494/234/182 495/235/182 496/236/183
f 495/235/182 497/237/183 496/236/183
f 496/236/183 497/237/183 492/238/35
f 497/237/183 493/239/35 492/238/35
f 494/240/7 496/236/7 492/238/7
f 498/118/184 499/117/185 500/116/186
f 499/117/185 501/115/186 500/116/186
f 500/116/186 501/115/186 502/114/65
f 501/115/186 503/111/65 502/114/65
f 502/114/65 503/111/65 498/113/184
f 503/111/65 499/112/185 498/113/184
f 206/241/67 205/242/67 222/243/67
f 218/244/67 222/243/67 220/245/67
f 206/241/67 222/243/67 218/244/67
f 206/241/67 218/244/67 214/246/67
f 206/241/67 214/246/67 210/247/67
f 210/247/67 214/246/67 212/248/67
f 214/246/67 218/244/67 216/249/67
f 206/241/67 210/247/67 208/250/67
f 500/222/7 502/114/7 498/113/7
f 504/211/32 505/212/32 506/213/139
f 505/212/32 507/214/139 506/213/139
f 506/213/139 507/214/139 508/215/140
f 507/214/139 509/216/140 508/215/140
f 508/215/140 509/216/140 504/217/32
f 509/216/140 505/218/32 504/217/32
f 467/231/33 469/163/33 465/165/33
f 473/118/34 510/117/34 471/116/161
f 510/117/34 511/115/161 471/116/161
f 471/116/161 511/115/161 472/114/162
f 511/115/161 512/111/162 472/114/162
f 472/114/162 512/111/162 473/113/34
f 512/111/162 510/112/34 473/113/34
f 466/160/35 470/164/35 468/162/35
f 482/159/8 489/160/8 480/161/128
f 489/160/8 491/162/128 480/161/128
f 480/161/128 491/162/128 481/163/129
f 491/162/128 490/164/129 481/163/129
f 481/163/129 490/164/129 482/165/8
f 490/164/129 489/166/8 482/165/8
f 458/171/7 460/215/7 456/217/7
f 513/167/187 514/169/188 515/168/189
f 514/169/188 516/170/190 515/168/191
f 515/168/191 516/170/190 517/167/192
f 516/170/190 518/169/193 517/167/192
f 517/167/192 518/169/193 519/168/194
f 518/169/195 520/170/196 519/168/197
f 6/251/198 521/252/198 12/253/198
f 522/167/199 523/168/200 524/169/201
f 524/169/201 523/168/200 525/170/202
f 523/168/200 526/167/203 525/170/202
f 525/170/202 526/167/203 527/169/204
f 526/167/203 528/168/205 527/169/204
f 527/169/204 528/168/205 529/170/206
f 530/167/207 531/169/208 532/168/209
f 531/169/208 533/170/210 532/168/211
f 532/168/211 533/170/210 534/167/212
f 533/170/210 535/169/213 534/167/212
f 534/167/212 535/169/213 536/168/214
f 535/169/213 537/170/215 536/168/216
f 521/252/217 6/251/218 5/254/217
f 5/254/217 538/255/219 521/252/217
f 538/255/219 5/254/217 10/256/220
f 539/167/221 540/169/222 541/168/223
f 540/169/222 542/170/224 541/168/225
f 541/168/225 542/170/224 543/167/226
f 542/170/224 544/169/227 543/167/226
f 543/167/226 544/169/227 545/168/228
f 544/169/227 546/170/229 545/168/230
f 13/14/231 10/257/231 9/12/231
f 547/258/34 548/259/34 549/260/161
f 548/259/34 550/261/161 549/260/161
f 549/260/161 550/261/161 551/262/162
f 550/261/161 552/263/162 551/262/162
f 551/262/162 552/263/162 547/264/34
f 552/263/162 548/265/34 547/264/34
f 10/257/220 13/14/232 538/266/219
f 553/167/233 554/169/234 555/168/235
f 554/169/236 556/170/237 555/168/235
f 555/168/235 556/170/237 557/167/238
f 556/170/237 558/169/239 557/167/238
f 557/167/238 558/169/239 559/168/240
f 558/169/239 560/170/241 559/168/242
f 549/267/7 551/262/7 547/264/7
f 561/167/243 562/169/244 563/168/245
f 562/169/246 564/170/247 563/168/248
f 563/168/248 564/170/247 565/167/249
f 564/170/247 566/169/250 565/167/249
f 565/167/249 566/169/250 567/168/251
f 566/169/252 568/170/253 567/168/251
f 548/268/8 552/263/8 550/261/8
f 569/167/254 570/169/255 571/168/256
f 570/169/255 572/170/257 571/168/258
f 571/168/258 572/170/257 573/167/259
f 572/170/257 574/169/260 573/167/259
f 573/167/259 574/169/260 575/168/261
f 574/169/262 576/170/263 575/168/264
f 577/269/265 578/270/265 579/271/265
f 580/272/266 581/273/266 582/274/267
f 581/273/266 583/275/268 582/274/267
f 582/274/267 583/275/268 584/276/269
f 583/275/268 585/277/270 584/276/269
f 584/276/269 585/277/270 580/278/266
f 585/277/270 581/279/266 580/278/266
f 578/270/271 577/269/271 586/280/271
f 587/281/139 588/282/139 589/283/32
f 588/282/139 590/284/32 589/283/32
f 589/283/32 590/284/32 591/285/140
f 590/284/32 592/286/140 591/285/140
f 591/285/140 592/286/140 587/287/139
f 592/286/140 588/288/139 587/287/139
f 593/289/272 594/290/272 595/291/272
f 596/167/273 597/169/274 598/168/275
f 597/169/274 599/170/276 598/168/277
f 598/168/277 599/170/276 600/167/278
f 599/170/276 601/169/279 600/167/278
f 600/167/278 601/169/279 602/168/280
f 601/169/279 603/170/281 602/168/280
f 594/290/282 593/289/282 604/292/282
f 605/293/139 606/294/139 607/295/32
f 606/294/139 608/296/32 607/295/32
f 607/295/32 608/296/32 609/297/140
f 608/296/32 610/298/140 609/297/140
f 609/297/140 610/298/140 605/299/139
f 610/298/140 606/300/139 605/299/139
f 611/301/283 595/302/283 612/303/283
f 613/211/33 614/212/33 615/213/66
f 614/212/33 616/214/66 615/213/66
f 615/213/66 616/214/66 617/215/65
f 616/214/66 618/216/65 617/215/65
f 617/215/65 618/216/65 613/217/33
f 618/216/65 614/218/33 613/217/33
f 595/302/284 611/301/284 593/304/284
f 619/159/177 620/160/178 621/161/179
f 620/160/178 622/162/179 621/161/179
f 621/161/179 622/162/179 623/163/146
f 622/162/179 624/164/146 623/163/146
f 623/163/146 624/164/146 619/165/177
f 624/164/146 620/166/178 619/165/177
f 586/305/285 612/306/285 578/307/285
f 625/118/184 626/117/185 627/116/186
f 626/117/185 628/115/186 627/116/186
f 627/116/186 628/115/186 629/114/65
f 628/115/186 630/111/65 629/114/65
f 629/114/65 630/111/65 625/113/184
f 630/111/65 626/112/185 625/113/184
f 612/306/286 586/305/286 611/308/286
f 631/159/8 632/160/8 633/161/129
f 632/160/8 634/162/129 633/161/129
f 633/161/129 634/162/129 635/163/128
f 634/162/129 636/164/128 635/163/128
f 635/163/128 636/164/128 631/165/8
f 636/164/128 632/166/8 631/165/8
f 160/309/287 637/310/287 161/311/287
f 264/312/288 267/313/289 638/314/290
f 267/313/289 269/315/291 638/314/290
f 269/315/291 271/316/292 638/314/290
f 271/316/292 273/317/293 638/314/290
f 273/317/293 275/318/294 638/314/290
f 275/318/294 277/319/295 638/314/290
f 277/319/295 279/320/296 638/314/290
f 279/320/296 281/321/297 638/314/290
f 281/321/297 283/322/298 638/314/290
f 638/314/290 283/322/298 264/312/288
f 185/312/299 202/313/300 639/314/301
f 202/313/300 200/315/302 639/314/301
f 200/315/302 198/316/303 639/314/301
f 198/316/303 196/317/304 639/314/301
f 196/317/304 194/318/305 639/314/301
f 194/318/305 192/319/306 639/314/301
f 192/319/306 190/320/307 639/314/301
f 190/320/307 188/321/308 639/314/301
f 188/321/308 186/322/309 639/314/301
f 639/314/301 186/322/309 185/312/299
f 284/312/310 287/313/311 640/314/312
f 287/313/311 289/315/313 640/314/312
f 289/315/313 291/316/314 640/314/312
f 291/316/314 293/317/315 640/314/312
f 293/317/315 295/318/316 640/314/312
f 295/318/316 297/319/317 640/314/312
f 297/319/317 299/320/318 640/314/312
f 299/320/318 301/321/319 640/314/312
f 301/321/319 303/322/320 640/314/312
f 640/314/312 303/322/320 284/312/310
f 204/312/321 207/313/322 641/314/323
f 207/313/322 209/315/324 641/314/323
f 209/315/324 211/316/325 641/314/323
f 211/316/325 213/317/326 641/314/323
f 213/317/326 215/318/327 641/314/323
f 215/318/327 217/319/328 641/314/323
f 217/319/328 219/320/329 641/314/323
f 219/320/329 221/321/330 641/314/323
f 221/321/330 223/322/331 641/314/323
f 641/314/323 223/322/331 204/312/321
f 224/312/332 227/313/333 642/314/334
f 227/313/333 229/315/335 642/314/334
f 229/315/335 231/316/336 642/314/334
f 231/316/336 233/317/337 642/314/334
f 233/317/337 235/318/338 642/314/334
f 235/318/338 237/319/339 642/314/334
f 237/319/339 239/320/340 642/314/334
f 239/320/340 241/321/341 642/314/334
f 241/321/341 243/322/342 642/314/334
f 642/314/334 243/322/342 224/312/332
f 244/323/332 247/324/333 643/325/334
f 247/324/333 249/326/335 643/325/334
f 249/326/335 251/327/336 643/325/334
f 251/327/336 253/328/337 643/325/334
f 253/328/337 255/329/338 643/325/334
f 255/329/338 257/330/339 643/325/334
f 257/330/339 259/331/340 643/325/334
f 259/331/340 261/332/341 643/325/334
f 261/332/341 263/333/342 643/325/334
f 643/325/334 263/333/342 244/323/332
f 304/312/343 307/313/344 644/314/345
f 307/313/344 309/315/346 644/314/345
f 309/315/346 311/316/347 644/314/345
f 311/316/347 313/317/348 644/314/345
f 313/317/348 315/318/349 644/314/345
f 315/318/349 317/319/350 644/314/345
f 317/319/350 319/320/351 644/314/345
f 319/320/351 321/321/352 644/314/345
f 321/321/352 323/322/353 644/314/345
f 644/314/345 323/322/353 304/312/343
f 645/312/354 646/313/355 647/314/356
f 646/313/355 648/315/357 647/314/356
f 648/315/357 649/316/358 647/314/356
f 649/316/358 650/317/359 647/314/356
f 650/317/359 651/318/360 647/314/356
f 651/318/360 652/319/361 647/314/356
f 652/319/361 653/320/362 647/314/356
f 653/320/362 654/321/363 647/314/356
f 654/321/363 655/322/364 647/314/356
f 647/314/356 655/322/364 645/312/354
f 656/312/310 657/313/311 658/314/312
f 657/313/311 659/315/313 658/314/312
f 659/315/313 660/316/314 658/314/312
f 660/316/314 661/317/315 658/314/312
f 661/317/315 662/318/316 658/314/312
f 662/318/316 663/319/317 658/314/312
f 663/319/317 664/320/318 658/314/312
f 664/320/318 665/321/319 658/314/312
f 665/321/319 666/322/320 658/314/312
f 658/314/312 666/322/320 656/312/310
f 667/312/365 668/313/366 669/314/367
f 668/313/366 670/315/368 669/314/367
f 670/315/368 671/316/369 669/314/367
f 671/316/369 672/317/370 669/314/367
f 672/317/370 673/318/371 669/314/367
f 673/318/371 674/319/372 669/314/367
f 674/319/372 675/320/373 669/314/367
f 675/320/373 676/321/374 669/314/367
f 676/321/374 677/322/375 669/314/367
f 669/314/367 677/322/375 667/312/365
f 678/130/34 679/132/34 361/131/34
f 361/131/34 679/132/34 362/133/34
f 679/132/34 680/130/34 362/133/34
f 362/133/34 680/130/34 363/131/34
f 680/130/34 681/132/34 363/131/34
f 363/131/34 681/132/34 364/133/34
f 681/132/34 682/130/34 364/133/34
f 364/133/34 682/130/34 365/131/34
f 682/130/34 683/132/34 365/131/34
f 365/131/34 683/132/34 366/133/34
f 683/132/34 684/130/34 366/133/34
f 366/133/34 684/130/34 367/131/34
f 684/130/34 685/132/34 367/131/34
f 367/131/34 685/132/34 368/133/34
f 685/132/34 349/130/34 368/133/34
f 368/133/34 349/130/34 182/131/34
f 326/130/33 327/132/33 678/131/33
f 678/131/33 327/132/33 679/133/33
f 327/132/33 329/130/33 679/133/33
f 679/133/33 329/130/33 680/131/33
f 329/130/33 331/132/33 680/131/33
f 680/131/33 331/132/33 681/133/33
f 331/132/33 333/130/33 681/133/33
f 681/133/33 333/130/33 682/131/33
f 333/130/33 335/132/33 682/131/33
f 682/131/33 335/132/33 683/133/33
f 335/132/33 337/130/33 683/133/33
f 683/133/33 337/130/33 684/131/33
f 337/130/33 339/132/33 684/131/33
f 684/131/33 339/132/33 685/133/33
f 339/132/33 340/130/33 685/133/33
f 685/133/33 340/130/33 349/131/33
f 686/334/376 687/335/376 688/336/377
f 687/335/376 689/337/378 688/336/377
f 688/336/379 689/337/380 690/338/379
f 691/339/381 692/340/381 693/341/382
f 692/340/381 694/342/381 693/341/382
f 693/341/382 694/342/381 695/343/383
f 696/343/384 697/342/385 698/341/386
f 697/342/385 699/340/385 698/341/386
f 698/341/386 699/340/385 700/339/385
f 701/339/387 702/340/387 703/341/388
f 702/340/387 704/342/387 703/341/388
f 703/341/389 704/342/387 705/343/389
f 706/339/390 707/340/390 708/341/391
f 707/340/390 709/342/390 708/341/391
f 708/341/392 709/342/390 710/343/392
f 711/343/393 712/342/394 713/341/395
f 712/342/394 714/340/394 713/341/395
f 713/341/395 714/340/394 715/339/394
f 716/339/396 717/340/396 718/341/397
f 717/340/396 719/342/396 718/341/397
f 718/341/397 719/342/396 720/343/397
f 721/343/398 722/342/399 723/341/400
f 722/342/399 724/340/399 723/341/400
f 723/341/400 724/340/399 725/339/399
f 726/343/401 727/342/402 728/341/403
f 727/342/402 729/340/402 728/341/403
f 728/341/403 729/340/402 730/339/402
f 731/334/404 732/335/404 733/336/405
f 732/335/404 734/337/406 733/336/405
f 733/336/407 734/337/404 735/338/408
f 736/338/409 737/337/410 738/336/411
f 737/337/410 739/335/412 738/336/411
f 738/336/411 739/335/412 740/334/412
f 741/338/413 742/337/414 743/336/415
f 742/337/414 744/335/416 743/336/415
f 743/336/415 744/335/416 745/334/416
f 746/334/417 747/335/417 748/336/418
f 747/335/417 749/337/419 748/336/418
f 748/336/420 749/337/419 750/338/421
f 751/338/422 752/337/423 753/336/424
f 752/337/423 754/335/425 753/336/424
f 753/336/424 754/335/425 755/334/425
f 756/334/426 757/335/426 758/336/427
f 757/335/426 759/337/428 758/336/427
f 758/336/426 759/337/426 760/338/429
f 761/338/430 762/337/431 763/336/432
f 762/337/431 764/335/433 763/336/432
f 763/336/432 764/335/433 765/334/433
f 766/344/8 767/345/8 768/346/8
f 767/345/8 769/347/8 768/346/8
f 769/347/8 770/348/8 768/346/8
f 768/346/8 770/348/8 771/349/8
f 771/350/8 770/351/8 772/352/8
f 770/351/8 773/353/8 772/352/8
f 773/353/8 767/354/8 772/352/8
f 772/352/8 767/354/8 766/355/8
f 774/355/7 775/356/7 776/352/7
f 775/356/7 777/357/7 776/352/7
f 777/357/7 778/358/7 776/352/7
f 776/352/7 778/358/7 779/350/7
f 779/349/7 778/359/7 780/346/7
f 778/359/7 781/360/7 780/346/7
f 781/360/7 775/361/7 780/346/7
f 780/346/7 775/361/7 774/344/7
f 782/344/8 783/345/8 784/346/8
f 783/345/8 785/347/8 784/346/8
f 785/347/8 786/348/8 784/346/8
f 784/346/8 786/348/8 787/349/8
f 787/350/8 786/351/8 788/352/8
f 786/351/8 789/353/8 788/352/8
f 789/353/8 783/354/8 788/352/8
f 788/352/8 783/354/8 782/355/8
f 790/355/7 791/356/7 792/352/7
f 791/356/7 793/357/7 792/352/7
f 793/357/7 794/358/7 792/352/7
f 792/352/7 794/358/7 795/350/7
f 795/349/7 794/359/7 796/346/7
f 794/359/7 797/360/7 796/346/7
f 797/360/7 791/361/7 796/346/7
f 796/346/7 791/361/7 790/344/7
f 414/362/8 798/363/8 454/364/8
f 798/363/8 799/365/8 454/364/8
f 799/365/8 800/366/8 454/364/8
f 454/364/8 800/366/8 438/367/8
f 438/362/8 800/368/8 426/364/8
f 800/368/8 801/365/8 426/364/8
f 801/365/8 798/366/8 426/364/8
f 426/364/8 798/366/8 414/367/8
f 464/367/7 802/366/7 430/364/7
f 802/366/7 803/365/7 430/364/7
f 803/365/7 804/368/7 430/364/7
f 430/364/7 804/368/7 805/362/7
f 805/367/7 804/366/7 806/364/7
f 804/366/7 807/365/7 806/364/7
f 807/365/7 802/363/7 806/364/7
f 806/364/7 802/363/7 464/362/7
f 413/369/35 798/370/35 424/371/35
f 798/370/35 801/372/35 424/371/35
f 801/372/35 803/373/35 424/371/35
f 424/371/35 803/373/35 432/374/35
f 432/375/35 803/370/35 462/376/35
f 803/370/35 802/372/35 462/376/35
f 802/372/35 798/377/35 462/376/35
f 462/376/35 798/377/35 413/374/35
f 800/378/34 436/379/34 801/380/34
f 436/379/34 425/381/34 801/380/34
f 425/381/34 431/382/34 801/380/34
f 801/380/34 431/382/34 803/383/34
f 803/378/34 431/384/34 804/385/34
f 431/384/34 808/386/34 804/385/34
f 808/386/34 436/387/34 804/385/34
f 804/385/34 436/387/34 800/383/34
f 799/370/33 455/369/33 800/372/33
f 455/369/33 437/376/33 800/372/33
f 437/376/33 809/374/33 800/372/33
f 800/372/33 809/374/33 804/377/33
f 804/370/33 809/369/33 807/372/33
f 809/369/33 810/371/33 807/372/33
f 810/371/33 455/374/33 807/372/33
f 807/372/33 455/374/33 799/373/33
f 453/379/32 799/378/32 415/381/32
f 799/378/32 798/385/32 415/381/32
f 798/385/32 802/383/32 415/381/32
f 415/381/32 802/383/32 463/382/32
f 463/384/32 802/388/32 811/386/32
f 802/388/32 807/389/32 811/386/32
f 807/389/32 799/383/32 811/386/32
f 811/386/32 799/383/32 453/387/32
f 812/167/434 813/169/435 814/168/436
f 813/169/437 815/170/438 814/168/439
f 814/168/439 815/170/438 816/390/440
f 815/170/438 817/391/441 816/390/441
f 637/310/442 160/309/442 818/392/442
f 819/167/443 820/169/444 821/168/445
f 820/169/446 822/170/447 821/168/448
f 821/168/448 822/170/447 823/390/449
f 822/170/450 824/391/451 823/390/451
f 825/393/452 163/394/452 162/99/452
f 637/395/8 127/396/8 825/397/8
f 127/396/8 139/398/8 825/397/8
f 139/398/8 138/399/8 825/397/8
f 825/397/8 138/399/8 826/400/8
f 827/167/453 828/168/454 829/169/455
f 829/169/455 828/168/454 830/170/456
f 828/168/454 831/390/457 830/170/456
f 830/170/456 831/390/457 832/391/458
f 833/167/459 834/168/460 835/169/461
f 835/169/461 834/168/460 836/170/462
f 834/168/460 837/390/463 836/170/462
f 836/170/462 837/390/463 838/391/464
f 839/167/465 840/168/466 841/169/467
f 841/169/467 840/168/466 842/170/468
f 840/168/466 843/390/469 842/170/468
f 842/170/468 843/390/469 844/391/470
f 845/167/471 846/168/472 847/169/473
f 847/169/473 846/168/472 848/170/474
f 846/168/472 849/390/475 848/170/474
f 848/170/474 849/390/475 850/391/476
f 851/167/477 852/169/478 853/168/479
f 852/169/478 854/170/480 853/168/481
f 853/168/481 854/170/480 855/390/482
f 854/170/480 856/391/483 855/390/482
f 825/393/484 162/99/484 637/310/484
f 857/167/485 858/169/486 859/168/487
f 858/169/486 860/170/488 859/168/487
f 859/168/487 860/170/488 861/390/489
f 860/170/488 862/391/490 861/390/489
f 637/310/491 162/99/491 161/311/491
f 863/167/492 864/168/493 865/169/494
f 865/169/494 864/168/493 866/170/495
f 864/168/493 867/167/496 866/170/495
f 866/170/495 867/167/496 868/169/497
f 867/167/496 869/168/498 868/169/497
f 868/169/497 869/168/498 870/170/499
f 871/167/500 872/168/501 873/169/502
f 873/169/502 872/168/501 874/170/503
f 872/168/501 875/167/504 874/170/503
f 874/170/503 875/167/504 876/169/505
f 875/167/504 877/168/506 876/169/505
f 876/169/505 877/168/506 878/170/507
f 879/159/8 880/160/8 881/161/146
f 880/160/8 882/162/146 881/161/146
f 881/161/146 882/162/146 883/163/145
f 882/162/146 884/164/145 883/163/145
f 883/163/145 884/164/145 879/165/8
f 884/164/145 880/166/8 879/165/8
f 138/401/508 885/402/508 826/403/508
f 886/167/509 887/168/510 888/169/511
f 888/169/511 887/168/510 889/170/512
f 887/168/510 890/167/513 889/170/512
f 889/170/512 890/167/513 891/169/514
f 890/167/513 892/168/515 891/169/514
f 891/169/514 892/168/515 893/170/516
f 894/232/33 895/233/33 896/234/66
f 895/233/33 897/235/66 896/234/66
f 896/234/66 897/235/66 898/236/65
f 897/235/66 899/237/65 898/236/65
f 898/236/65 899/237/65 894/238/33
f 899/237/65 895/239/33 894/238/33
f 885/402/517 138/401/517 137/404/517
f 900/188/35 901/189/35 902/190/182
f 901/189/35 903/191/182 902/190/182
f 902/190/182 903/191/182 904/192/183
f 903/191/182 905/193/183 904/192/183
f 904/192/183 905/193/183 900/194/35
f 905/193/183 901/195/35 900/194/35
f 140/128/518 885/402/518 137/404/518
f 906/159/8 907/160/8 908/161/145
f 907/160/8 909/162/145 908/161/145
f 908/161/145 909/162/145 910/163/146
f 909/162/145 911/164/146 910/163/146
f 910/163/146 911/164/146 906/165/8
f 911/164/146 907/166/8 906/165/8
f 885/402/519 140/128/519 164/127/519
f 912/167/520 913/168/521 914/169/522
f 914/169/522 913/168/521 915/170/523
f 913/168/521 916/167/524 915/170/523
f 915/170/523 916/167/524 917/169/525
f 916/167/524 918/168/526 917/169/525
f 917/169/525 918/168/526 919/170/527
f 920/167/528 921/168/529 922/169/530
f 922/169/530 921/168/529 923/170/531
f 921/168/529 924/167/532 923/170/531
f 923/170/531 924/167/532 925/169/533
f 924/167/532 926/168/534 925/169/533
f 925/169/533 926/168/534 927/170/535
f 143/405/536 928/406/536 144/407/536
f 928/406/536 929/408/536 144/407/536
f 66/409/537 930/410/537 143/411/537
f 930/410/537 928/412/537 143/411/537
f 144/413/538 65/414/539 142/415/67
f 65/414/539 67/416/67 142/415/67
f 146/417/323 63/418/323 143/419/540
f 63/418/323 66/420/541 143/419/540
f 145/421/542 64/422/543 146/423/323
f 64/422/543 63/424/323 146/423/323
f 147/425/544 62/426/545 145/427/542
f 62/426/545 64/428/543 145/427/542
f 142/429/67 67/430/67 147/431/544
f 67/430/67 62/432/545 147/431/544
f 88/433/546 931/434/547 89/435/548
f 931/434/547 932/436/549 89/435/548
f 933/437/550 934/438/551 935/439/552
f 934/438/551 936/440/553 935/439/552
f 937/441/554 938/442/555 933/443/550
f 938/442/555 934/444/551 933/443/550
f 939/445/556 940/446/557 937/447/554
f 940/446/557 938/448/555 937/447/554
f 941/449/558 942/450/559 939/447/556
f 942/450/559 940/448/557 939/447/556
f 935/451/552 936/452/553 941/443/558
f 936/452/553 942/444/559 941/443/558
f 831/453/560 828/454/561 943/455/562
f 828/454/561 827/456/563 943/455/562
f 832/457/564 944/458/565 830/454/566
f 944/458/565 829/456/567 830/454/566
f 945/349/7 946/359/7 947/346/7
f 946/359/7 948/360/7 947/346/7
f 837/453/568 834/454/569 949/455/570
f 834/454/569 833/456/571 949/455/570
f 838/457/572 950/458/573 836/454/574
f 950/458/573 835/456/575 836/454/574
f 89/459/548 932/460/549 86/461/576
f 932/460/549 951/462/577 86/461/576
f 733/463/578 710/464/578 731/465/579
f 710/464/578 709/466/579 731/465/579
f 722/466/580 721/464/581 740/465/580
f 721/464/581 738/463/582 740/465/580
f 843/453/583 840/454/584 952/455/585
f 840/454/584 839/456/586 952/455/585
f 844/457/587 953/458/588 842/454/589
f 953/458/588 841/456/590 842/454/589
f 748/463/591 695/464/591 746/465/592
f 695/464/591 694/466/592 746/465/592
f 954/467/593 955/468/593 956/469/593
f 955/468/593 957/470/593 956/469/593
f 697/466/594 696/464/595 765/465/594
f 696/464/595 763/463/596 765/465/594
f 849/453/597 846/454/598 958/455/599
f 846/454/598 845/456/600 958/455/599
f 850/457/601 959/458/602 848/454/603
f 959/458/602 847/456/604 848/454/603
f 758/463/605 705/464/605 756/465/606
f 705/464/607 704/466/608 756/465/608
f 712/466/609 711/464/610 755/465/609
f 711/464/610 753/463/611 755/465/609
f 960/467/612 961/468/612 962/469/612
f 961/468/612 963/470/612 962/469/612
f 688/463/613 720/464/613 686/465/614
f 720/464/613 719/466/614 686/465/614
f 964/467/615 965/468/615 966/469/615
f 965/468/615 967/470/615 966/469/615
f 727/466/616 726/464/617 745/465/616
f 726/464/617 743/463/618 745/465/616
f 968/467/619 969/468/619 970/469/619
f 969/468/619 971/470/619 970/469/619
f 571/454/620 573/471/621 569/456/622
f 573/471/621 575/472/623 569/456/624
f 570/456/625 576/472/626 572/454/627
f 576/472/626 574/471/628 572/454/627
f 864/454/629 863/456/630 867/471/631
f 863/456/630 869/472/632 867/471/631
f 865/456/633 866/454/634 870/472/635
f 866/454/634 868/471/636 870/472/635
f 773/473/637 777/474/637 767/475/637
f 777/474/637 775/476/637 767/475/637
f 770/477/638 778/478/638 773/479/638
f 778/478/638 777/480/638 773/479/638
f 769/475/639 781/476/639 770/473/639
f 781/476/639 778/481/639 770/473/639
f 767/479/640 775/480/640 769/477/640
f 775/480/640 781/478/640 769/477/640
f 776/482/33 772/483/33 774/484/33
f 772/483/33 766/485/33 774/484/33
f 780/484/35 768/485/35 779/482/35
f 768/485/35 771/483/35 779/482/35
f 776/486/32 779/487/32 772/488/32
f 779/487/32 771/489/32 772/488/32
f 780/487/34 774/486/34 768/489/34
f 774/486/34 766/488/34 768/489/34
f 563/454/641 565/471/642 561/456/643
f 565/471/642 567/472/644 561/456/645
f 562/456/646 568/472/647 564/454/648
f 568/472/647 566/471/649 564/454/648
f 872/454/650 871/456/651 875/471/652
f 871/456/651 877/472/653 875/471/652
f 873/456/654 874/454/655 878/472/656
f 874/454/655 876/471/657 878/472/656
f 541/454/658 543/471/659 539/456/660
f 543/471/659 545/472/661 539/456/662
f 540/456/663 546/472/664 542/454/665
f 546/472/664 544/471/666 542/454/665
f 887/454/667 886/456/668 890/471/669
f 886/456/668 892/472/670 890/471/669
f 888/456/671 889/454/672 893/472/673
f 889/454/672 891/471/674 893/472/673
f 532/454/675 534/471/676 530/456/677
f 534/471/676 536/472/678 530/456/679
f 531/456/680 537/472/681 533/454/682
f 537/472/683 535/471/684 533/454/682
f 913/454/685 912/456/686 916/471/687
f 912/456/686 918/472/688 916/471/687
f 914/456/689 915/454/690 919/472/691
f 915/454/690 917/471/692 919/472/691
f 972/490/693 973/491/693 974/342/694
f 973/491/695 975/334/390 974/342/696
f 976/492/697 972/493/697 977/465/698
f 972/493/697 974/466/579 977/465/579
f 978/342/699 979/494/700 977/334/701
f 979/494/700 976/495/702 977/334/701
f 973/496/703 979/497/703 975/498/704
f 979/497/703 978/499/705 975/498/705
f 980/334/399 981/491/706 982/342/399
f 981/491/706 983/490/707 982/342/399
f 982/466/580 983/493/708 984/465/580
f 983/493/708 985/492/709 984/465/580
f 985/495/710 986/494/710 984/334/711
f 986/494/712 987/342/713 984/334/713
f 987/499/714 986/497/715 980/498/716
f 986/497/715 981/496/717 980/498/716
f 988/490/718 989/491/718 990/342/719
f 989/491/720 991/334/381 990/342/721
f 992/492/722 988/493/722 993/465/723
f 988/493/724 990/466/592 993/465/725
f 994/342/726 995/494/727 993/334/728
f 995/494/727 992/495/729 993/334/728
f 989/496/730 995/497/730 991/498/731
f 995/497/730 994/499/732 991/498/732
f 996/467/619 997/468/619 998/469/619
f 997/468/619 999/470/619 998/469/619
f 1000/467/593 1001/468/593 1002/469/593
f 1001/468/593 1003/470/593 1002/469/593
f 1004/334/385 1005/491/733 1006/342/385
f 1005/491/733 1007/490/734 1006/342/385
f 1006/466/594 1007/493/735 1008/465/594
f 1007/493/735 1009/492/736 1008/465/594
f 1009/495/737 1010/494/737 1008/334/738
f 1010/494/739 1011/342/740 1008/334/740
f 1011/499/741 1010/497/742 1004/498/743
f 1010/497/742 1005/496/744 1004/498/743
f 1012/467/612 1013/468/612 1014/469/612
f 1013/468/612 1015/470/612 1014/469/612
f 1016/334/394 1017/491/745 1018/342/394
f 1017/491/745 1019/490/746 1018/342/394
f 1018/466/609 1019/493/747 1020/465/609
f 1019/493/747 1021/492/748 1020/465/609
f 1021/495/749 1022/494/749 1020/334/750
f 1022/494/749 1023/342/751 1020/334/752
f 1023/499/705 1022/497/753 1016/498/754
f 1022/497/753 1017/496/755 1016/498/754
f 1024/490/756 1025/491/756 1026/342/757
f 1025/491/758 1027/334/387 1026/342/759
f 1028/492/760 1024/493/760 1029/465/606
f 1024/493/761 1026/466/606 1029/465/606
f 1030/342/762 1031/494/763 1029/334/764
f 1031/494/763 1028/495/765 1029/334/764
f 1025/496/766 1031/497/766 1027/498/767
f 1031/497/766 1030/499/714 1027/498/714
f 1032/490/768 1033/491/768 1034/342/769
f 1033/491/770 1035/334/396 1034/342/771
f 1036/492/772 1032/493/772 1037/465/614
f 1032/493/773 1034/466/614 1037/465/614
f 1038/342/774 1039/494/775 1037/334/776
f 1039/494/775 1036/495/777 1037/334/776
f 1033/496/778 1039/497/778 1035/498/779
f 1039/497/778 1038/499/741 1035/498/741
f 1040/334/402 1041/491/780 1042/342/402
f 1041/491/780 1043/490/781 1042/342/402
f 1042/466/616 1043/493/782 1044/465/616
f 1043/493/782 1045/492/783 1044/465/616
f 1045/495/784 1046/494/784 1044/334/785
f 1046/494/784 1047/342/786 1044/334/787
f 1047/499/732 1046/497/788 1040/498/789
f 1046/497/788 1041/496/790 1040/498/789
f 1048/467/615 1049/468/615 1050/469/615
f 1049/468/615 1051/470/615 1050/469/615
f 418/454/791 420/471/792 416/456/793
f 420/471/792 422/472/794 416/456/793
f 417/456/795 423/472/796 419/454/797
f 423/472/796 421/471/798 419/454/797
f 921/454/799 920/456/800 924/471/801
f 920/456/800 926/472/802 924/471/801
f 922/456/803 923/454/804 927/472/805
f 923/454/804 925/471/806 927/472/805
f 789/473/807 793/474/807 783/475/807
f 793/474/807 791/476/807 783/475/807
f 786/477/808 794/478/808 789/479/808
f 794/478/808 793/480/808 789/479/808
f 785/475/809 797/476/809 786/473/809
f 797/476/809 794/481/809 786/473/809
f 783/479/810 791/480/810 785/477/810
f 791/480/810 797/478/810 785/477/810
f 792/482/33 788/483/33 790/484/33
f 788/483/33 782/485/33 790/484/33
f 796/484/35 784/485/35 795/482/35
f 784/485/35 787/483/35 795/482/35
f 792/486/32 795/487/32 788/488/32
f 795/487/32 787/489/32 788/488/32
f 796/487/34 790/486/34 784/489/34
f 790/486/34 782/488/34 784/489/34
f 376/454/811 375/456/812 379/471/813
f 375/456/812 381/472/814 379/471/813
f 377/456/815 378/454/816 382/472/817
f 378/454/816 380/471/818 382/472/817
f 515/454/819 517/471/820 513/456/821
f 517/471/820 519/472/822 513/456/821
f 514/456/823 520/472/824 516/454/825
f 520/472/824 518/471/826 516/454/825
f 440/454/827 439/456/828 443/471/829
f 439/456/828 445/472/830 443/471/829
f 441/456/831 442/454/832 446/472/833
f 442/454/832 444/471/834 446/472/833
f 555/454/835 557/471/836 553/456/837
f 557/471/836 559/472/838 553/456/837
f 554/456/839 560/472/840 556/454/841
f 560/472/840 558/471/842 556/454/841
f 523/454/843 522/456/844 526/471/845
f 522/456/844 528/472/846 526/471/845
f 524/456/847 525/454/848 529/472/849
f 525/454/848 527/471/850 529/472/849
f 1052/500/851 1053/501/851 1054/502/851
f 1053/501/851 1055/503/851 1054/502/851
f 1056/504/852 1057/505/852 1058/506/852
f 1057/505/852 1059/507/852 1058/506/852
f 1055/508/2 1056/509/2 1054/510/2
f 1056/509/2 1058/511/2 1054/510/2
f 1053/512/853 1057/513/853 1055/514/853
f 1057/513/853 1056/515/853 1055/514/853
f 1052/508/3 1059/509/3 1053/510/3
f 1059/509/3 1057/511/3 1053/510/3
f 1054/516/854 1058/517/854 1052/518/854
f 1058/517/854 1059/519/854 1052/518/854
f 11/135/855 8/154/855 4/134/855
f 8/154/855 7/155/855 4/134/855
f 1060/520/856 1061/521/856 1062/522/856
f 1061/521/856 1063/523/856 1062/522/856
f 521/524/2 1060/525/2 12/526/2
f 1060/525/2 1062/527/2 12/526/2
f 538/528/857 1061/529/857 521/530/857
f 1061/529/857 1060/531/857 521/530/857
f 13/524/3 1063/525/3 538/526/3
f 1063/525/3 1061/527/3 538/526/3
f 12/532/858 1062/533/858 13/534/858
f 1062/533/858 1063/535/858 13/534/858
f 5/536/859 7/537/859 10/538/859
f 7/537/859 8/539/859 10/538/859
f 1064/540/32 1065/541/32 1066/542/32
f 1065/541/32 1067/543/32 1066/542/32
f 1067/544/34 1065/545/34 1068/546/34
f 1065/545/34 1069/547/34 1068/546/34
f 1070/543/35 1071/541/35 1072/542/35
f 1071/541/35 1073/540/35 1072/542/35
f 431/548/860 425/549/860 432/550/860
f 425/549/860 424/551/860 432/550/860
f 462/552/861 413/553/861 463/554/861
f 413/553/861 415/555/861 463/554/861
f 811/556/862 453/557/862 810/558/862
f 453/557/862 455/559/862 810/558/862
f 805/560/863 806/561/863 809/562/863
f 806/561/863 810/563/863 809/562/863
f 436/564/864 808/565/864 437/566/864
f 808/565/864 809/567/864 437/566/864
f 430/568/865 805/569/866 431/570/865
f 805/569/866 808/571/866 431/570/865
f 464/572/867 430/573/867 462/574/867
f 430/573/867 432/575/867 462/574/867
f 413/576/868 424/577/868 414/578/868
f 424/577/868 426/579/868 414/578/868
f 806/580/869 464/581/870 811/582/869
f 464/581/870 463/583/870 811/582/869
f 453/584/871 415/585/872 454/586/871
f 415/585/872 414/587/872 454/586/871
f 437/588/873 455/589/873 438/590/873
f 455/589/873 454/591/873 438/590/873
f 425/592/874 436/593/875 426/594/874
f 436/593/875 438/595/875 426/594/874
f 1074/596/8 1075/597/8 1076/598/8
f 1075/597/8 1077/599/8 1076/598/8
f 1077/600/35 360/601/35 1076/602/35
f 360/601/35 91/603/35 1076/602/35
f 1075/604/34 350/605/34 1077/606/34
f 350/605/34 360/607/34 1077/606/34
f 1074/602/33 153/603/33 1075/600/33
f 153/603/33 350/601/33 1075/600/33
f 1076/604/32 91/605/32 1074/606/32
f 91/605/32 153/607/32 1074/606/32
f 359/157/7 165/129/7 92/43/7
f 165/129/7 90/41/7 92/43/7
f 117/608/7 115/609/7 110/610/7
f 115/609/7 113/611/7 110/610/7
f 122/612/35 79/613/35 123/614/35
f 79/613/35 3/615/35 123/614/35
f 124/616/32 73/617/32 122/618/32
f 73/617/32 79/619/32 122/618/32
f 125/614/33 2/620/33 124/612/33
f 2/620/33 73/621/33 124/612/33
f 123/618/34 3/619/34 125/616/34
f 3/619/34 2/617/34 125/616/34
f 1078/622/8 1079/623/8 1080/624/8
f 1079/623/8 1081/625/8 1080/624/8
f 1082/624/7 1083/622/7 1084/625/7
f 1083/622/7 1085/623/7 1084/625/7
f 1081/624/35 1082/622/35 1080/625/35
f 1082/622/35 1084/623/35 1080/625/35
f 1079/626/34 1083/627/34 1081/628/34
f 1083/627/34 1082/629/34 1081/628/34
f 1078/624/33 1085/622/33 1079/625/33
f 1085/622/33 1083/623/33 1079/625/33
f 85/630/876 1086/631/877 88/632/546
f 1086/631/877 931/633/547 88/632/546
f 86/634/576 951/635/577 87/636/878
f 951/635/577 1087/637/879 87/636/878
f 83/433/880 1088/434/881 84/435/882
f 1088/434/881 1089/436/883 84/435/882
f 82/638/884 1090/639/885 80/640/886
f 1090/639/885 1091/641/887 80/640/886
f 1092/642/8 1093/643/8 1094/644/8
f 1093/643/8 1095/645/8 1094/644/8
f 1096/644/7 1097/642/7 1098/645/7
f 1097/642/7 1099/643/7 1098/645/7
f 1095/646/35 1096/647/35 1094/648/35
f 1096/647/35 1098/649/35 1094/648/35
f 1092/648/33 1099/649/33 1093/646/33
f 1099/649/33 1097/647/33 1093/646/33
f 1094/650/32 1098/651/32 1092/652/32
f 1098/651/32 1099/653/32 1092/652/32
f 1100/547/33 1101/545/33 1102/546/33
f 1101/545/33 1070/544/33 1102/546/33
f 1103/654/888 1104/655/888 1105/656/888
f 1104/655/888 1106/657/888 1105/656/888
f 105/656/7 103/654/7 98/657/7
f 103/654/7 101/655/7 98/657/7
f 1106/658/35 108/659/35 1105/660/35
f 108/659/35 109/661/35 1105/660/35
f 1104/662/34 106/663/34 1106/664/34
f 106/663/34 108/665/34 1106/664/34
f 1103/666/889 107/667/889 1104/668/889
f 107/667/889 106/669/889 1104/668/889
f 1105/662/32 109/663/32 1103/664/32
f 109/663/32 107/665/32 1103/664/32
f 1107/540/34 1108/541/34 1109/542/34
f 1108/541/34 1110/543/34 1109/542/34
f 1111/543/32 1112/541/32 1113/542/32
f 1112/541/32 1107/540/32 1113/542/32
f 1114/459/890 1115/460/891 1116/461/7
f 1115/460/891 1117/462/7 1116/461/7
f 1118/433/892 1119/434/893 1114/435/890
f 1119/434/893 1115/436/891 1114/435/890
f 1120/630/894 1121/631/895 1118/632/892
f 1121/631/895 1119/633/893 1118/632/892
f 1122/638/896 1123/639/897 1120/640/894
f 1123/639/897 1121/641/895 1120/640/894
f 1116/634/7 1117/635/7 1122/636/896
f 1117/635/7 1123/637/897 1122/636/896
f 1124/459/890 1125/460/891 1126/461/7
f 1125/460/891 1127/462/7 1126/461/7
f 1128/433/892 1129/434/893 1124/435/890
f 1129/434/893 1125/436/891 1124/435/890
f 1130/630/894 1131/631/895 1128/632/892
f 1131/631/895 1129/633/893 1128/632/892
f 1132/638/896 1133/639/897 1130/640/894
f 1133/639/897 1131/641/895 1130/640/894
f 1126/634/7 1127/635/7 1132/636/896
f 1127/635/7 1133/637/897 1132/636/896
f 1134/459/898 1135/460/899 1136/461/7
f 1135/460/899 1137/462/7 1136/461/7
f 1138/433/900 1139/434/900 1134/435/898
f 1139/434/900 1135/436/899 1134/435/898
f 1140/630/901 1141/631/901 1138/632/900
f 1141/631/901 1139/633/900 1138/632/900
f 1142/638/902 1143/639/903 1140/640/901
f 1143/639/903 1141/641/901 1140/640/901
f 1136/634/7 1137/635/7 1142/636/902
f 1137/635/7 1143/637/903 1142/636/902
f 96/459/904 1144/460/905 94/461/906
f 1144/460/905 1145/462/907 94/461/906
f 97/433/908 1146/434/909 96/435/904
f 1146/434/909 1144/436/905 96/435/904
f 93/630/910 1147/631/911 97/632/908
f 1147/631/911 1146/633/909 97/632/908
f 95/638/912 1148/639/913 93/640/910
f 1148/639/913 1147/641/911 93/640/910
f 94/634/906 1145/635/907 95/636/912
f 1145/635/907 1148/637/913 95/636/912
f 58/670/140 53/671/140 56/672/34
f 53/671/140 55/673/34 56/672/34
f 57/674/161 54/675/161 58/676/140
f 54/675/161 53/677/140 58/676/140
f 60/678/32 51/679/32 57/680/161
f 51/679/32 54/681/161 57/680/161
f 59/682/162 52/683/162 60/684/32
f 52/683/162 51/685/32 60/684/32
f 61/674/139 50/675/139 59/686/162
f 50/675/139 52/687/162 59/686/162
f 56/688/34 55/689/34 61/690/139
f 55/689/34 50/691/139 61/690/139
f 87/638/878 1087/639/879 85/640/876
f 1087/639/879 1086/641/877 85/640/876
f 78/459/914 1149/460/915 75/461/577
f 1149/460/915 1150/462/576 75/461/577
f 74/630/916 1151/631/917 77/632/918
f 1151/631/917 1152/633/919 77/632/918
f 75/634/577 1150/635/576 76/636/920
f 1150/635/576 1153/637/921 76/636/920
f 84/459/882 1089/460/883 81/461/922
f 1089/460/883 1154/462/923 81/461/922
f 46/670/140 41/671/140 44/672/34
f 41/671/140 43/673/34 44/672/34
f 45/674/161 42/675/161 46/676/140
f 42/675/161 41/677/140 46/676/140
f 48/678/32 39/679/32 45/680/161
f 39/679/32 42/681/161 45/680/161
f 47/682/162 40/683/162 48/684/32
f 40/683/162 39/685/32 48/684/32
f 49/674/139 38/675/139 47/686/162
f 38/675/139 40/687/162 47/686/162
f 44/688/34 43/689/34 49/690/139
f 43/689/34 38/691/139 49/690/139
f 80/630/886 1091/631/887 83/632/880
f 1091/631/887 1088/633/881 83/632/880
f 81/634/922 1154/635/923 82/636/884
f 1154/635/923 1090/637/885 82/636/884
f 1155/470/924 1156/468/924 1157/469/924
f 1156/468/924 1158/467/924 1157/469/924
f 1159/470/925 1160/468/925 1161/469/925
f 1160/468/925 1162/467/925 1161/469/925
f 1163/470/926 1164/468/926 1165/469/926
f 1164/468/926 1166/467/926 1165/469/926
f 1167/470/927 1168/468/927 1169/469/927
f 1168/468/927 1170/467/927 1169/469/927
f 1171/470/927 1172/468/927 1173/469/927
f 1172/468/927 1174/467/927 1173/469/927
f 1175/470/926 1176/468/926 1177/469/926
f 1176/468/926 1178/467/926 1177/469/926
f 1179/470/925 1180/468/925 1181/469/925
f 1180/468/925 1182/467/925 1181/469/925
f 1183/470/924 1184/468/924 1185/469/924
f 1184/468/924 1186/467/924 1185/469/924
f 598/692/928 600/693/929 596/694/930
f 600/693/929 602/695/931 596/694/930
f 597/696/932 603/697/933 599/698/934
f 603/697/933 601/699/935 599/698/934
f 1187/540/35 1188/541/35 1189/542/35
f 1188/541/35 1190/543/35 1189/542/35
f 1191/544/33 1192/545/33 1193/546/33
f 1192/545/33 1194/547/33 1193/546/33
f 645/154/7 1195/155/7 1196/153/116
f 646/152/116 645/154/7 1196/153/116
f 1197/151/115 646/152/116 1196/153/116
f 648/150/115 646/152/116 1197/151/115
f 1198/149/114 648/150/115 1197/151/115
f 649/148/114 648/150/115 1198/149/114
f 1199/147/113 649/148/114 1198/149/114
f 650/146/113 649/148/114 1199/147/113
f 1200/145/8 650/146/113 1199/147/113
f 651/144/8 650/146/113 1200/145/8
f 1201/143/112 651/144/8 1200/145/8
f 652/142/112 651/144/8 1201/143/112
f 1202/141/111 652/142/112 1201/143/112
f 653/140/111 652/142/112 1202/141/111
f 1203/139/110 653/140/111 1202/141/111
f 654/138/110 653/140/111 1203/139/110
f 1204/137/109 654/138/110 1203/139/110
f 655/136/109 654/138/110 1204/137/109
f 1204/137/109 1195/134/7 655/136/109
f 1195/134/7 645/135/7 655/136/109
f 656/154/7 1205/155/7 1206/153/109
f 657/152/109 656/154/7 1206/153/109
f 1207/151/110 657/152/109 1206/153/109
f 659/150/110 657/152/109 1207/151/110
f 1208/149/111 659/150/110 1207/151/110
f 660/148/111 659/150/110 1208/149/111
f 1209/147/112 660/148/111 1208/149/111
f 661/146/112 660/148/111 1209/147/112
f 1210/145/8 661/146/112 1209/147/112
f 662/144/8 661/146/112 1210/145/8
f 1211/143/113 662/144/8 1210/145/8
f 663/142/113 662/144/8 1211/143/113
f 1212/141/114 663/142/113 1211/143/113
f 664/140/114 663/142/113 1212/141/114
f 1213/139/115 664/140/114 1212/141/114
f 665/138/115 664/140/114 1213/139/115
f 1214/137/116 665/138/115 1213/139/115
f 666/136/116 665/138/115 1214/137/116
f 1214/137/116 1205/134/7 666/136/116
f 1205/134/7 656/135/7 666/136/116
f 667/154/7 1215/155/7 1216/153/124
f 668/152/124 667/154/7 1216/153/124
f 1217/151/123 668/152/124 1216/153/124
f 670/150/123 668/152/124 1217/151/123
f 1218/149/122 670/150/123 1217/151/123
f 671/148/122 670/150/123 1218/149/122
f 1219/147/121 671/148/122 1218/149/122
f 672/146/121 671/148/122 1219/147/121
f 1220/145/8 672/146/121 1219/147/121
f 673/144/8 672/146/121 1220/145/8
f 1221/143/120 673/144/8 1220/145/8
f 674/142/120 673/144/8 1221/143/120
f 1222/141/119 674/142/120 1221/143/120
f 675/140/119 674/142/120 1222/141/119
f 1223/139/118 675/140/119 1222/141/119
f 676/138/118 675/140/119 1223/139/118
f 1224/137/117 676/138/118 1223/139/118
f 677/136/117 676/138/118 1224/137/117
f 1224/137/117 1215/134/7 677/136/117
f 1215/134/7 667/135/7 677/136/117
f 238/700/936 242/701/936 240/702/936
f 226/703/936 242/701/936 238/700/936
f 226/703/936 238/700/936 234/704/936
f 226/703/936 234/704/936 230/247/936
f 230/247/936 234/704/936 232/705/936
f 226/703/936 225/706/937 242/701/936
f 226/703/936 230/247/936 228/250/936
f 234/704/936 238/700/936 236/707/936
f 258/708/936 262/709/936 260/710/936
f 246/711/936 262/709/936 258/708/936
f 246/711/936 258/708/936 254/712/936
f 246/711/936 254/712/936 250/713/936
f 250/713/936 254/712/936 252/714/936
f 246/711/936 245/715/936 262/709/936
f 246/711/936 250/713/936 248/250/936
f 254/712/936 258/708/936 256/716/936
f 582/22/8 584/25/8 580/23/8
f 818/717/508 128/718/508 1225/719/508
f 585/720/7 583/721/7 581/722/7
f 128/718/938 818/717/938 129/723/938
f 278/700/145 282/724/145 280/725/145
f 266/726/145 282/724/145 278/700/145
f 266/726/145 278/700/145 274/727/145
f 266/726/145 274/727/145 270/247/145
f 270/247/145 274/727/145 272/728/145
f 266/726/145 265/729/145 282/724/145
f 266/726/145 270/247/145 268/250/145
f 274/727/145 278/700/145 276/730/145
f 191/244/146 187/243/146 189/245/146
f 203/241/146 187/243/146 191/244/146
f 203/241/146 191/244/146 195/246/146
f 203/241/146 195/246/146 199/247/146
f 199/247/146 195/246/146 197/248/146
f 203/241/146 184/242/146 187/243/146
f 203/241/146 199/247/146 201/250/146
f 195/246/146 191/244/146 193/249/146
f 589/22/8 591/25/8 587/23/8
f 818/717/939 141/121/939 129/723/939
f 607/731/8 609/732/8 605/733/8
f 141/121/519 818/717/519 160/119/519
f 476/22/8 478/25/8 474/23/8
f 139/734/323 127/735/323 126/736/323
f 132/737/323 126/736/323 131/738/323
f 139/734/323 126/736/323 132/737/323
f 139/734/323 132/737/323 136/739/323
f 136/739/323 132/737/323 134/740/323
f 818/392/940 1225/741/940 637/310/940
f 479/720/7 477/721/7 475/722/7
f 163/394/941 885/742/941 164/743/941
f 811/219/942 810/220/942 806/221/942
f 885/742/943 163/394/943 825/393/943
f 805/744/944 809/197/944 808/198/944
f 826/745/945 885/742/945 825/393/945
f 1226/306/946 1227/305/946 1228/308/946
f 144/746/947 929/747/948 65/748/948
f 929/747/948 1229/749/948 65/748/948
f 65/405/949 1229/406/950 66/407/951
f 1229/406/950 930/408/950 66/407/951
f 1229/134/7 929/135/7 930/155/7
f 929/135/7 928/154/7 930/155/7
f 1225/750/8 128/751/8 637/752/8
f 128/751/8 127/753/8 637/752/8
f 728/754/952 730/755/953 741/756/954
f 730/755/953 742/757/955 741/756/954
f 690/756/956 689/757/957 718/754/958
f 689/757/957 716/755/959 718/754/958
f 713/754/960 715/755/961 751/756/962
f 715/755/961 752/757/963 751/756/962
f 858/456/964 1230/458/965 860/454/966
f 1230/458/965 862/457/967 860/454/966
f 857/456/968 859/454/969 1231/455/970
f 859/454/969 861/453/971 1231/455/970
f 760/756/972 759/757/973 703/754/974
f 759/757/973 701/755/975 703/754/974
f 852/456/976 1232/458/977 854/454/978
f 1232/458/977 856/457/979 854/454/978
f 851/456/980 853/454/981 1233/455/982
f 853/454/981 855/453/983 1233/455/982
f 698/754/984 700/755/985 761/756/986
f 700/755/985 762/757/987 761/756/986
f 750/756/988 749/757/989 693/754/990
f 749/757/989 691/755/991 693/754/990
f 723/754/992 725/755/993 736/756/994
f 725/755/993 737/757/995 736/756/994
f 820/456/996 1234/458/997 822/454/998
f 1234/458/997 824/457/999 822/454/998
f 819/456/1000 821/454/1001 1235/455/1002
f 821/454/1001 823/453/1003 1235/455/1002
f 735/756/1004 734/757/1005 708/754/1006
f 734/757/1005 706/755/1007 708/754/1006
f 813/456/1008 1236/458/1009 815/454/1010
f 1236/458/1009 817/457/1011 815/454/1010
f 812/456/1012 814/454/1013 1237/455/1014
f 814/454/1013 816/453/1015 1237/455/1014
f 1238/758/1016 1239/759/1017 1240/760/1018
f 1239/759/1017 1241/761/1019 1240/760/1018
f 1242/762/1020 1243/763/1021 1244/764/1022
f 1243/763/1021 1245/765/1023 1244/764/1022
f 1240/766/1024 1241/767/1025 1246/768/1024
f 1241/767/1025 1247/769/1025 1246/768/1024
f 1238/770/1016 1248/771/1026 1239/772/1017
f 1248/771/1027 1249/773/1028 1239/772/1029
f 1244/766/1030 1245/774/1018 1248/768/1030
f 1245/774/1018 1249/775/1018 1248/768/1030
f 1242/776/1020 1246/771/1031 1243/777/1021
f 1246/771/1031 1247/778/1032 1243/777/1033
f 1250/758/1034 1251/779/1035 1252/760/1036
f 1251/779/1035 1253/780/1037 1252/760/1036
f 1254/762/1038 1255/781/1039 1256/764/1040
f 1255/781/1039 1257/782/1041 1256/764/1040
f 1252/766/1042 1253/783/1043 1258/768/1044
f 1253/783/1043 1259/784/1043 1258/768/1044
f 1250/770/1034 1260/771/1045 1251/785/1035
f 1260/771/1046 1261/786/1047 1251/785/1048
f 1256/766/1049 1257/787/1036 1260/768/1049
f 1257/787/1036 1261/788/1036 1260/768/1049
f 1254/776/1038 1258/771/1050 1255/789/1039
f 1258/771/1050 1259/790/1051 1255/789/1052
f 1262/758/1053 1263/759/1054 1264/760/1055
f 1263/759/1054 1265/761/1056 1264/760/1055
f 1266/762/1057 1267/763/1058 1268/764/1059
f 1267/763/1058 1269/765/1060 1268/764/1059
f 1264/766/1061 1265/767/1062 1270/768/1061
f 1265/767/1062 1271/769/1062 1270/768/1061
f 1262/770/1053 1272/771/1063 1263/772/1054
f 1272/771/1064 1273/773/1065 1263/772/1066
f 1268/766/1067 1269/774/1055 1272/768/1067
f 1269/774/1055 1273/775/1055 1272/768/1067
f 1266/776/1057 1270/771/1068 1267/777/1058
f 1270/771/1068 1271/778/1069 1267/777/1070
f 1274/758/1071 1275/791/1071 577/760/1072
f 1275/791/1071 1276/792/1073 577/760/1072
f 611/762/1074 1277/793/1075 593/764/1076
f 1277/793/1075 1278/794/1077 593/764/1076
f 577/766/1078 1276/795/1079 586/768/1078
f 1276/795/1079 1279/796/1079 586/768/1078
f 1274/770/1071 604/771/1080 1275/797/1071
f 604/771/1080 1280/773/1081 1275/797/1082
f 593/766/1083 1278/798/1072 604/768/1083
f 1278/798/1072 1280/799/1072 604/768/1083
f 611/776/1074 586/771/1084 1277/800/1075
f 586/771/1084 1279/778/1085 1277/800/1075
f 149/634/923 1281/635/922 150/636/1086
f 1281/635/922 1282/637/1087 150/636/1086
f 150/638/1086 1282/639/1087 148/640/1088
f 1282/639/1087 1283/641/1089 148/640/1088
f 148/630/1088 1283/631/1089 151/632/1090
f 1283/631/1089 1284/633/1091 151/632/1090
f 151/433/1090 1284/434/1091 152/435/1092
f 1284/434/1091 1285/436/1093 152/435/1092
f 152/459/1092 1285/460/1093 149/461/923
f 1285/460/1093 1281/462/922 149/461/923
f 69/634/576 1286/635/577 70/636/878
f 1286/635/577 1287/637/879 70/636/878
f 70/638/878 1287/639/879 68/640/876
f 1287/639/879 1288/641/877 68/640/876
f 68/630/876 1288/631/877 71/632/546
f 1288/631/877 1289/633/547 71/632/546
f 71/433/546 1289/434/547 72/435/548
f 1289/434/547 1290/436/549 72/435/548
f 72/459/548 1290/460/549 69/461/576
f 1290/460/549 1286/462/577 69/461/576
f 20/688/32 19/689/32 25/690/161
f 19/689/32 14/691/161 25/690/161
f 25/674/161 14/675/161 23/686/140
f 14/675/161 16/687/140 23/686/140
f 23/682/140 16/683/140 24/684/34
f 16/683/140 15/685/34 24/684/34
f 24/678/34 15/679/34 21/680/139
f 15/679/34 18/681/139 21/680/139
f 21/674/139 18/675/139 22/676/162
f 18/675/139 17/677/162 22/676/162
f 22/670/162 17/671/162 20/672/32
f 17/671/162 19/673/32 20/672/32
f 76/638/920 1153/639/921 74/640/916
f 1153/639/921 1151/641/917 74/640/916
f 77/433/918 1152/434/919 78/435/914
f 1152/434/919 1149/436/915 78/435/914
f 32/688/32 31/689/32 37/690/161
f 31/689/32 26/691/161 37/690/161
f 37/674/161 26/675/161 35/686/140
f 26/675/161 28/687/140 35/686/140
f 35/682/140 28/683/140 36/684/34
f 28/683/140 27/685/34 36/684/34
f 36/678/34 27/679/34 33/680/139
f 27/679/34 30/681/139 33/680/139
f 33/674/139 30/675/139 34/676/162
f 30/675/139 29/677/162 34/676/162
f 34/670/162 29/671/162 32/672/32
f 29/671/162 31/673/32 32/672/32
f 1216/801/345 1215/802/345 1224/803/345
f 1222/804/345 1224/803/345 1223/805/345
f 1216/801/345 1224/803/345 1222/804/345
f 1216/801/345 1222/804/345 1220/806/345
f 1216/801/345 1220/806/345 1218/807/345
f 1218/807/345 1220/806/345 1219/808/345
f 1220/806/345 1222/804/345 1221/809/345
f 1216/801/345 1218/807/345 1217/810/345
f 1206/801/356 1205/802/356 1214/803/356
f 1212/804/356 1214/803/356 1213/805/356
f 1206/801/356 1214/803/356 1212/804/356
f 1206/801/356 1212/804/356 1210/806/356
f 1206/801/356 1210/806/356 1208/807/356
f 1208/807/356 1210/806/356 1209/808/356
f 1210/806/356 1212/804/356 1211/809/1094
f 1206/801/356 1208/807/356 1207/810/356
f 449/222/1095 451/114/1095 447/113/1095
f 1227/305/1096 1226/306/1096 1291/307/1096
f 391/222/1097 393/114/1097 389/113/1097
f 1292/302/1098 1228/301/1098 1293/304/1098
f 371/231/34 373/163/34 369/165/34
f 1228/301/1099 1292/302/1099 1226/303/1099
f 370/160/32 374/164/32 372/162/32
f 1294/290/1100 1293/289/1100 1295/292/1100
f 902/179/7 904/180/7 900/181/7
f 1293/289/1101 1294/290/1101 1292/291/1101
f 896/240/7 898/236/7 894/238/7
f 1291/270/1102 1296/269/1102 1227/280/1102
f 159/222/7 157/114/7 156/113/7
f 1296/269/1103 1291/270/1103 1297/271/1103
f 485/171/7 487/215/7 483/217/7
f 1298/306/1104 1299/305/1104 1300/308/1104
f 908/231/33 910/163/33 906/165/33
f 1299/305/1105 1298/306/1105 1301/307/1105
f 907/160/35 911/164/35 909/162/35
f 1302/302/1106 1300/301/1106 1303/304/1106
f 1196/801/312 1195/802/1107 1204/803/312
f 1202/804/312 1204/803/312 1203/805/312
f 1196/801/312 1204/803/312 1202/804/312
f 1196/801/312 1202/804/312 1200/806/312
f 1196/801/312 1200/806/312 1198/807/312
f 1198/807/312 1200/806/312 1199/808/312
f 1200/806/312 1202/804/312 1201/809/312
f 1196/801/312 1198/807/312 1197/810/312
f 306/801/367 305/802/367 322/803/367
f 318/804/367 322/803/367 320/805/367
f 306/801/367 322/803/367 318/804/367
f 306/801/367 318/804/367 314/806/367
f 306/801/367 314/806/367 310/807/367
f 310/807/367 314/806/367 312/808/367
f 314/806/367 318/804/367 316/809/367
f 306/801/367 310/807/367 308/810/367
f 286/801/356 285/802/1094 302/803/356
f 298/804/356 302/803/356 300/805/356
f 286/801/356 302/803/356 298/804/356
f 286/801/356 298/804/356 294/806/356
f 286/801/356 294/806/356 290/807/356
f 290/807/356 294/806/356 292/808/356
f 294/806/356 298/804/356 296/809/356
f 286/801/356 290/807/356 288/810/356
f 385/222/7 387/114/7 383/113/7
f 1300/301/1108 1302/302/1108 1298/303/1108
f 506/171/7 508/215/7 504/217/7
f 1304/290/1109 1303/289/1109 1305/292/1109
f 633/231/32 635/163/32 631/165/32
f 1303/289/1110 1304/290/1110 1302/291/1110
f 632/160/34 636/164/34 634/162/34
f 1301/270/1111 1306/269/1111 1299/280/1111
f 627/222/7 629/114/7 625/113/7
f 1306/269/1112 1301/270/1112 1307/271/1112
f 621/231/33 623/163/33 619/165/33
f 1308/306/1113 1309/305/1113 1310/308/1113
f 620/160/35 624/164/35 622/162/35
f 1309/305/1114 1308/306/1114 1311/307/1114
f 615/171/7 617/215/7 613/217/7
f 1312/302/1115 1310/301/1115 1256/304/1115
f 606/733/7 610/732/7 608/731/7
f 1310/301/1116 1312/302/1116 1308/303/1116
f 1313/269/1117 1311/270/1117 1314/271/1117
f 1315/290/1118 1256/289/1118 1316/292/1118
f 1311/270/1119 1313/269/1119 1309/280/1119
f 1256/289/1120 1315/290/1120 1312/291/1120
f 1317/811/1121 1318/812/1122 1319/813/1123
f 1318/812/1122 1320/814/1124 1319/813/1123
f 1320/814/1124 1321/815/1125 1319/813/1123
f 1319/813/1123 1321/815/1125 1322/816/1126
f 1323/817/1127 1324/818/1128 1325/813/8
f 1324/818/1128 1326/819/1129 1325/813/8
f 1326/819/1129 1327/811/1130 1325/813/8
f 1327/811/1130 1328/812/1131 1325/813/8
f 1328/812/1131 1329/814/1132 1325/813/8
f 1329/814/1132 1330/815/1133 1325/813/8
f 1330/815/1133 1331/816/1134 1325/813/8
f 1325/813/8 1331/816/1134 1323/817/1127
f 1332/817/1135 1333/818/1136 1334/813/1137
f 1333/818/1136 1335/819/1138 1334/813/1137
f 1335/819/1138 1336/811/1139 1334/813/1137
f 1336/811/1139 1323/812/1127 1334/813/1137
f 1323/812/1127 1331/814/1134 1334/813/1137
f 1331/814/1134 1330/815/1133 1334/813/1137
f 1330/815/1133 1337/816/1140 1334/813/1137
f 1334/813/1137 1337/816/1140 1332/817/1135
f 1322/817/1126 1338/818/1141 1339/813/1142
f 1338/818/1141 1332/819/1135 1339/813/1142
f 1332/819/1135 1337/811/1140 1339/813/1142
f 1337/811/1140 1330/812/1133 1339/813/1142
f 1330/812/1133 1329/814/1132 1339/813/1142
f 1329/814/1132 1328/815/1131 1339/813/1142
f 1328/815/1131 1340/816/1143 1339/813/1142
f 1339/813/1142 1340/816/1143 1322/817/1126
f 1341/811/1126 1342/812/1125 1343/813/1141
f 1342/812/1125 1344/814/1144 1343/813/1141
f 1344/814/1144 1345/815/1145 1343/813/1141
f 1343/813/1141 1345/815/1145 1346/816/1146
f 1342/817/1125 1347/818/1124 1348/813/7
f 1347/818/1124 1349/819/1122 1348/813/7
f 1349/819/1122 1350/811/1147 1348/813/7
f 1350/811/1147 1351/812/1148 1348/813/7
f 1351/812/1148 1352/814/1149 1348/813/7
f 1352/814/1149 1345/815/1145 1348/813/7
f 1345/815/1145 1344/816/1144 1348/813/7
f 1348/813/7 1344/816/1144 1342/817/1125
f 1346/811/1146 1345/812/1145 1353/813/1136
f 1345/812/1145 1352/814/1149 1353/813/1136
f 1352/814/1149 1351/815/1148 1353/813/1136
f 1353/813/1136 1351/815/1148 1354/816/1150
f 1354/811/1150 1351/812/1148 1355/813/1151
f 1351/812/1148 1350/814/1147 1355/813/1151
f 1350/814/1147 1349/815/1122 1355/813/1151
f 1355/813/1151 1349/815/1122 1356/816/1152
f 1356/811/1152 1349/812/1122 1357/813/1123
f 1349/812/1122 1347/814/1124 1357/813/1123
f 1347/814/1124 1342/815/1125 1357/813/1123
f 1357/813/1123 1342/815/1125 1341/816/1126
f 1358/811/1126 1359/812/1125 1360/813/1141
f 1359/812/1125 1361/814/1144 1360/813/1141
f 1361/814/1144 1362/815/1145 1360/813/1141
f 1360/813/1141 1362/815/1145 1363/816/1135
f 1359/817/1125 1364/818/1124 1365/813/7
f 1364/818/1124 1366/819/1122 1365/813/7
f 1366/819/1122 1367/811/1147 1365/813/7
f 1367/811/1147 1368/812/1148 1365/813/7
f 1368/812/1148 1369/814/1149 1365/813/7
f 1369/814/1149 1362/815/1145 1365/813/7
f 1362/815/1145 1361/816/1144 1365/813/7
f 1365/813/7 1361/816/1144 1359/817/1125
f 1363/811/1135 1362/812/1145 1370/813/1136
f 1362/812/1145 1369/814/1149 1370/813/1136
f 1369/814/1149 1368/815/1148 1370/813/1136
f 1370/813/1136 1368/815/1148 1371/816/1150
f 1371/811/1150 1368/812/1148 1372/813/1151
f 1368/812/1148 1367/814/1147 1372/813/1151
f 1367/814/1147 1366/815/1122 1372/813/1151
f 1372/813/1151 1366/815/1122 1373/816/1152
f 1373/811/1152 1366/812/1122 1374/813/1123
f 1366/812/1122 1364/814/1124 1374/813/1123
f 1364/814/1124 1359/815/1125 1374/813/1123
f 1374/813/1123 1359/815/1125 1358/816/1126
f 1375/811/1126 1376/812/1125 1377/813/1141
f 1376/812/1125 1378/814/1144 1377/813/1141
f 1378/814/1144 1379/815/1153 1377/813/1141
f 1377/813/1141 1379/815/1153 1380/816/1146
f 1376/817/1125 1381/818/1124 1382/813/7
f 1381/818/1124 1383/819/1122 1382/813/7
f 1383/819/1122 1384/811/1147 1382/813/7
f 1384/811/1147 1385/812/1148 1382/813/7
f 1385/812/1148 1386/814/1149 1382/813/7
f 1386/814/1149 1379/815/1153 1382/813/7
f 1379/815/1153 1378/816/1144 1382/813/7
f 1382/813/7 1378/816/1144 1376/817/1125
f 1380/811/1146 1379/812/1153 1387/813/1136
f 1379/812/1153 1386/814/1149 1387/813/1136
f 1386/814/1149 1385/815/1148 1387/813/1136
f 1387/813/1136 1385/815/1148 1388/816/1150
f 1388/811/1150 1385/812/1148 1389/813/1151
f 1385/812/1148 1384/814/1147 1389/813/1151
f 1384/814/1147 1383/815/1122 1389/813/1151
f 1389/813/1151 1383/815/1122 1390/816/1152
f 1390/811/1152 1383/812/1122 1391/813/1123
f 1383/812/1122 1381/814/1124 1391/813/1123
f 1381/814/1124 1376/815/1125 1391/813/1123
f 1391/813/1123 1376/815/1125 1375/816/1126
f 1392/811/1126 1393/812/1125 1394/813/1141
f 1393/812/1125 1395/814/1144 1394/813/1141
f 1395/814/1144 1396/815/1145 1394/813/1141
f 1394/813/1141 1396/815/1145 1397/816/1135
f 1393/817/1125 1398/818/1124 1399/813/7
f 1398/818/1124 1400/819/1154 1399/813/7
f 1400/819/1154 1401/811/1147 1399/813/7
f 1401/811/1147 1402/812/1148 1399/813/7
f 1402/812/1148 1403/814/1149 1399/813/7
f 1403/814/1149 1396/815/1145 1399/813/7
f 1396/815/1145 1395/816/1144 1399/813/7
f 1399/813/7 1395/816/1144 1393/817/1125
f 1397/811/1135 1396/812/1145 1404/813/1136
f 1396/812/1145 1403/814/1149 1404/813/1136
f 1403/814/1149 1402/815/1148 1404/813/1136
f 1404/813/1136 1402/815/1148 1405/816/1150
f 1405/811/1150 1402/812/1148 1406/813/1151
f 1402/812/1148 1401/814/1147 1406/813/1151
f 1401/814/1147 1400/815/1154 1406/813/1151
f 1406/813/1151 1400/815/1154 1407/816/1152
f 1407/811/1152 1400/812/1154 1408/813/1123
f 1400/812/1154 1398/814/1124 1408/813/1123
f 1398/814/1124 1393/815/1125 1408/813/1123
f 1408/813/1123 1393/815/1125 1392/816/1126
f 1409/811/1126 1410/812/1125 1411/813/1141
f 1410/812/1125 1412/814/1144 1411/813/1141
f 1412/814/1144 1413/815/1145 1411/813/1141
f 1411/813/1141 1413/815/1145 1414/816/1135
f 1410/817/1125 1415/818/1124 1416/813/7
f 1415/818/1124 1417/819/1122 1416/813/7
f 1417/819/1122 1418/811/1147 1416/813/7
f 1418/811/1147 1419/812/1148 1416/813/7
f 1419/812/1148 1420/814/1149 1416/813/7
f 1420/814/1149 1413/815/1145 1416/813/7
f 1413/815/1145 1412/816/1144 1416/813/7
f 1416/813/7 1412/816/1144 1410/817/1125
f 1421/811/1138 1419/812/1148 1422/813/1151
f 1419/812/1148 1418/814/1147 1422/813/1151
f 1418/814/1147 1417/815/1122 1422/813/1151
f 1422/813/1151 1417/815/1122 1423/816/1152
f 1414/811/1135 1413/812/1145 1424/813/1136
f 1413/812/1145 1420/814/1149 1424/813/1136
f 1420/814/1149 1419/815/1148 1424/813/1136
f 1424/813/1136 1419/815/1148 1421/816/1138
f 1425/811/1126 1426/812/1125 1427/813/1141
f 1426/812/1125 1428/814/1144 1427/813/1141
f 1428/814/1144 1429/815/1145 1427/813/1141
f 1427/813/1141 1429/815/1145 1430/816/1135
f 1426/817/1125 1431/818/1124 1432/813/7
f 1431/818/1124 1433/819/1154 1432/813/7
f 1433/819/1154 1434/811/1147 1432/813/7
f 1434/811/1147 1435/812/1148 1432/813/7
f 1435/812/1148 1436/814/1149 1432/813/7
f 1436/814/1149 1429/815/1145 1432/813/7
f 1429/815/1145 1428/816/1144 1432/813/7
f 1432/813/7 1428/816/1144 1426/817/1125
f 1430/811/1135 1429/812/1145 1437/813/1136
f 1429/812/1145 1436/814/1149 1437/813/1136
f 1436/814/1149 1435/815/1148 1437/813/1136
f 1437/813/1136 1435/815/1148 1438/816/1138
f 1438/811/1138 1435/812/1148 1439/813/1151
f 1435/812/1148 1434/814/1147 1439/813/1151
f 1434/814/1147 1433/815/1154 1439/813/1151
f 1439/813/1151 1433/815/1154 1440/816/1152
f 1440/811/1152 1433/812/1154 1441/813/1123
f 1433/812/1154 1431/814/1124 1441/813/1123
f 1431/814/1124 1426/815/1125 1441/813/1123
f 1441/813/1123 1426/815/1125 1425/816/1126
f 1423/811/1152 1417/812/1122 1442/813/1123
f 1417/812/1122 1415/814/1124 1442/813/1123
f 1415/814/1124 1410/815/1125 1442/813/1123
f 1442/813/1123 1410/815/1125 1409/816/1126
f 1443/811/1126 1444/812/1125 1445/813/1141
f 1444/812/1125 1446/814/1144 1445/813/1141
f 1446/814/1144 1447/815/1145 1445/813/1141
f 1445/813/1141 1447/815/1145 1448/816/1135
f 1444/817/1125 1449/818/1124 1450/813/7
f 1449/818/1124 1451/819/1154 1450/813/7
f 1451/819/1154 1452/811/1147 1450/813/7
f 1452/811/1147 1453/812/1148 1450/813/7
f 1453/812/1148 1454/814/1149 1450/813/7
f 1454/814/1149 1447/815/1145 1450/813/7
f 1447/815/1145 1446/816/1144 1450/813/7
f 1450/813/7 1446/816/1144 1444/817/1125
f 1448/811/1135 1447/812/1145 1455/813/1136
f 1447/812/1145 1454/814/1149 1455/813/1136
f 1454/814/1149 1453/815/1148 1455/813/1136
f 1455/813/1136 1453/815/1148 1456/816/1138
f 1456/811/1138 1453/812/1148 1457/813/1151
f 1453/812/1148 1452/814/1147 1457/813/1151
f 1452/814/1147 1451/815/1154 1457/813/1151
f 1457/813/1151 1451/815/1154 1458/816/1152
f 1458/811/1152 1451/812/1154 1459/813/1123
f 1451/812/1154 1449/814/1124 1459/813/1123
f 1449/814/1124 1444/815/1125 1459/813/1123
f 1459/813/1123 1444/815/1125 1443/816/1126
f 1460/811/1126 1461/812/1125 1462/813/1141
f 1461/812/1125 1463/814/1144 1462/813/1141
f 1463/814/1144 1464/815/1153 1462/813/1141
f 1462/813/1141 1464/815/1153 1465/816/1135
f 1461/817/1125 1466/818/1124 1467/813/7
f 1466/818/1124 1468/819/1122 1467/813/7
f 1468/819/1122 1469/811/1147 1467/813/7
f 1469/811/1147 1470/812/1148 1467/813/7
f 1470/812/1148 1471/814/1149 1467/813/7
f 1471/814/1149 1464/815/1153 1467/813/7
f 1464/815/1153 1463/816/1144 1467/813/7
f 1467/813/7 1463/816/1144 1461/817/1125
f 1465/811/1135 1464/812/1153 1472/813/1136
f 1464/812/1153 1471/814/1149 1472/813/1136
f 1471/814/1149 1470/815/1148 1472/813/1136
f 1472/813/1136 1470/815/1148 1473/816/1138
f 1473/811/1138 1470/812/1148 1474/813/1151
f 1470/812/1148 1469/814/1147 1474/813/1151
f 1469/814/1147 1468/815/1122 1474/813/1151
f 1474/813/1151 1468/815/1122 1475/816/1152
f 1475/811/1152 1468/812/1122 1476/813/1123
f 1468/812/1122 1466/814/1124 1476/813/1123
f 1466/814/1124 1461/815/1125 1476/813/1123
f 1476/813/1123 1461/815/1125 1460/816/1126
f 1322/811/1126 1321/812/1125 1338/813/1141
f 1321/812/1125 1477/814/1144 1338/813/1141
f 1477/814/1144 1478/815/1145 1338/813/1141
f 1338/813/1141 1478/815/1145 1332/816/1135
f 1321/817/1125 1320/818/1124 1479/813/7
f 1320/818/1124 1318/819/1122 1479/813/7
f 1318/819/1122 1480/811/1147 1479/813/7
f 1480/811/1147 1481/812/1148 1479/813/7
f 1481/812/1148 1482/814/1149 1479/813/7
f 1482/814/1149 1478/815/1145 1479/813/7
f 1478/815/1145 1477/816/1144 1479/813/7
f 1479/813/7 1477/816/1144 1321/817/1125
f 1332/811/1135 1478/812/1145 1333/813/1136
f 1478/812/1145 1482/814/1149 1333/813/1136
f 1482/814/1149 1481/815/1148 1333/813/1136
f 1333/813/1136 1481/815/1148 1335/816/1138
f 1335/811/1138 1481/812/1148 1483/813/1151
f 1481/812/1148 1480/814/1147 1483/813/1151
f 1480/814/1147 1318/815/1122 1483/813/1151
f 1483/813/1151 1318/815/1122 1317/816/1121
f 1484/817/1155 1485/818/866 1486/813/1156
f 1485/818/866 1487/819/1157 1486/813/1156
f 1487/819/1157 1488/811/1158 1486/813/1156
f 1488/811/1158 1489/812/1159 1486/813/1156
f 1489/812/1159 1490/814/1160 1486/813/1156
f 1490/814/1160 1491/815/1161 1486/813/1156
f 1491/815/1161 1492/816/1162 1486/813/1156
f 1486/813/1156 1492/816/1162 1484/817/1155
f 1489/817/1159 1493/818/1163 1494/813/33
f 1493/818/1163 1495/819/1164 1494/813/33
f 1495/819/1164 1496/811/1165 1494/813/33
f 1496/811/1165 1497/812/1166 1494/813/33
f 1497/812/1166 1498/814/1167 1494/813/33
f 1498/814/1167 1491/815/1161 1494/813/33
f 1491/815/1161 1490/816/1160 1494/813/33
f 1494/813/33 1490/816/1160 1489/817/1159
f 1499/817/1168 1500/818/870 1501/813/1169
f 1500/818/870 1484/819/1155 1501/813/1169
f 1484/819/1155 1492/811/1162 1501/813/1169
f 1492/811/1162 1491/812/1161 1501/813/1169
f 1491/812/1161 1498/814/1167 1501/813/1169
f 1498/814/1167 1497/815/1166 1501/813/1169
f 1497/815/1166 1502/816/1170 1501/813/1169
f 1501/813/1169 1502/816/1170 1499/817/1168
f 1503/817/1171 1504/818/1172 1505/813/1173
f 1504/818/1172 1499/819/1168 1505/813/1173
f 1499/819/1168 1502/811/1170 1505/813/1173
f 1502/811/1170 1497/812/1166 1505/813/1173
f 1497/812/1166 1496/814/1165 1505/813/1173
f 1496/814/1165 1495/815/1164 1505/813/1173
f 1495/815/1164 1506/816/1174 1505/813/1173
f 1505/813/1173 1506/816/1174 1503/817/1171
f 1487/817/1157 1507/818/1175 1508/813/1176
f 1507/818/1175 1503/819/1171 1508/813/1176
f 1503/819/1171 1506/811/1174 1508/813/1176
f 1506/811/1174 1495/812/1164 1508/813/1176
f 1495/812/1164 1493/814/1163 1508/813/1176
f 1493/814/1163 1489/815/1159 1508/813/1176
f 1489/815/1159 1488/816/1158 1508/813/1176
f 1508/813/1176 1488/816/1158 1487/817/1157
f 1346/817/1146 1353/818/1136 1509/813/1137
f 1353/818/1136 1354/819/1150 1509/813/1137
f 1354/819/1150 1510/811/1139 1509/813/1137
f 1510/811/1139 1511/812/1127 1509/813/1137
f 1511/812/1127 1512/814/1134 1509/813/1137
f 1512/814/1134 1513/815/1133 1509/813/1137
f 1513/815/1133 1514/816/1177 1509/813/1137
f 1509/813/1137 1514/816/1177 1346/817/1146
f 1511/817/1127 1515/818/1128 1516/813/8
f 1515/818/1128 1517/819/1129 1516/813/8
f 1517/819/1129 1518/811/1130 1516/813/8
f 1518/811/1130 1519/812/1131 1516/813/8
f 1519/812/1131 1520/814/1132 1516/813/8
f 1520/814/1132 1513/815/1133 1516/813/8
f 1513/815/1133 1512/816/1134 1516/813/8
f 1516/813/8 1512/816/1134 1511/817/1127
f 1341/817/1126 1343/818/1141 1521/813/1142
f 1343/818/1141 1346/819/1146 1521/813/1142
f 1346/819/1146 1514/811/1177 1521/813/1142
f 1514/811/1177 1513/812/1133 1521/813/1142
f 1513/812/1133 1520/814/1132 1521/813/1142
f 1520/814/1132 1519/815/1131 1521/813/1142
f 1519/815/1131 1522/816/1143 1521/813/1142
f 1521/813/1142 1522/816/1143 1341/817/1126
f 1356/817/1152 1357/818/1123 1523/813/1178
f 1357/818/1123 1341/819/1126 1523/813/1178
f 1341/819/1126 1522/811/1143 1523/813/1178
f 1522/811/1143 1519/812/1131 1523/813/1178
f 1519/812/1131 1518/814/1130 1523/813/1178
f 1518/814/1130 1517/815/1129 1523/813/1178
f 1517/815/1129 1524/816/1179 1523/813/1178
f 1523/813/1178 1524/816/1179 1356/817/1152
f 1354/817/1150 1355/818/1151 1525/813/1180
f 1355/818/1151 1356/819/1152 1525/813/1180
f 1356/819/1152 1524/811/1179 1525/813/1180
f 1524/811/1179 1517/812/1129 1525/813/1180
f 1517/812/1129 1515/814/1128 1525/813/1180
f 1515/814/1128 1511/815/1127 1525/813/1180
f 1511/815/1127 1510/816/1139 1525/813/1180
f 1525/813/1180 1510/816/1139 1354/817/1150
f 1363/817/1135 1370/818/1136 1526/813/1137
f 1370/818/1136 1371/819/1150 1526/813/1137
f 1371/819/1150 1527/811/1139 1526/813/1137
f 1527/811/1139 1528/812/1127 1526/813/1137
f 1528/812/1127 1529/814/1134 1526/813/1137
f 1529/814/1134 1530/815/1133 1526/813/1137
f 1530/815/1133 1531/816/1181 1526/813/1137
f 1526/813/1137 1531/816/1181 1363/817/1135
f 1528/817/1127 1532/818/1128 1533/813/8
f 1532/818/1128 1534/819/1129 1533/813/8
f 1534/819/1129 1535/811/1130 1533/813/8
f 1535/811/1130 1536/812/1131 1533/813/8
f 1536/812/1131 1537/814/1132 1533/813/8
f 1537/814/1132 1530/815/1133 1533/813/8
f 1530/815/1133 1529/816/1134 1533/813/8
f 1533/813/8 1529/816/1134 1528/817/1127
f 1358/817/1126 1360/818/1141 1538/813/1142
f 1360/818/1141 1363/819/1135 1538/813/1142
f 1363/819/1135 1531/811/1181 1538/813/1142
f 1531/811/1181 1530/812/1133 1538/813/1142
f 1530/812/1133 1537/814/1132 1538/813/1142
f 1537/814/1132 1536/815/1131 1538/813/1142
f 1536/815/1131 1539/816/1143 1538/813/1142
f 1538/813/1142 1539/816/1143 1358/817/1126
f 1373/817/1152 1374/818/1123 1540/813/1178
f 1374/818/1123 1358/819/1126 1540/813/1178
f 1358/819/1126 1539/811/1143 1540/813/1178
f 1539/811/1143 1536/812/1131 1540/813/1178
f 1536/812/1131 1535/814/1130 1540/813/1178
f 1535/814/1130 1534/815/1129 1540/813/1178
f 1534/815/1129 1541/816/1179 1540/813/1178
f 1540/813/1178 1541/816/1179 1373/817/1152
f 1371/817/1150 1372/818/1151 1542/813/1180
f 1372/818/1151 1373/819/1152 1542/813/1180
f 1373/819/1152 1541/811/1179 1542/813/1180
f 1541/811/1179 1534/812/1129 1542/813/1180
f 1534/812/1129 1532/814/1128 1542/813/1180
f 1532/814/1128 1528/815/1127 1542/813/1180
f 1528/815/1127 1527/816/1139 1542/813/1180
f 1542/813/1180 1527/816/1139 1371/817/1150
f 1380/817/1146 1387/818/1136 1543/813/1137
f 1387/818/1136 1388/819/1150 1543/813/1137
f 1388/819/1150 1544/811/1182 1543/813/1137
f 1544/811/1182 1545/812/1127 1543/813/1137
f 1545/812/1127 1546/814/1134 1543/813/1137
f 1546/814/1134 1547/815/1133 1543/813/1137
f 1547/815/1133 1548/816/1181 1543/813/1137
f 1543/813/1137 1548/816/1181 1380/817/1146
f 1545/817/1127 1549/818/1128 1550/813/8
f 1549/818/1128 1551/819/1129 1550/813/8
f 1551/819/1129 1552/811/1130 1550/813/8
f 1552/811/1130 1553/812/1131 1550/813/8
f 1553/812/1131 1554/814/1132 1550/813/8
f 1554/814/1132 1547/815/1133 1550/813/8
f 1547/815/1133 1546/816/1134 1550/813/8
f 1550/813/8 1546/816/1134 1545/817/1127
f 1375/817/1126 1377/818/1141 1555/813/1142
f 1377/818/1141 1380/819/1146 1555/813/1142
f 1380/819/1146 1548/811/1181 1555/813/1142
f 1548/811/1181 1547/812/1133 1555/813/1142
f 1547/812/1133 1554/814/1132 1555/813/1142
f 1554/814/1132 1553/815/1131 1555/813/1142
f 1553/815/1131 1556/816/1143 1555/813/1142
f 1555/813/1142 1556/816/1143 1375/817/1126
f 1390/817/1152 1391/818/1123 1557/813/1178
f 1391/818/1123 1375/819/1126 1557/813/1178
f 1375/819/1126 1556/811/1143 1557/813/1178
f 1556/811/1143 1553/812/1131 1557/813/1178
f 1553/812/1131 1552/814/1130 1557/813/1178
f 1552/814/1130 1551/815/1129 1557/813/1178
f 1551/815/1129 1558/816/1179 1557/813/1178
f 1557/813/1178 1558/816/1179 1390/817/1152
f 1388/817/1150 1389/818/1151 1559/813/1180
f 1389/818/1151 1390/819/1152 1559/813/1180
f 1390/819/1152 1558/811/1179 1559/813/1180
f 1558/811/1179 1551/812/1129 1559/813/1180
f 1551/812/1129 1549/814/1128 1559/813/1180
f 1549/814/1128 1545/815/1127 1559/813/1180
f 1545/815/1127 1544/816/1182 1559/813/1180
f 1559/813/1180 1544/816/1182 1388/817/1150
f 1397/817/1135 1404/818/1136 1560/813/1137
f 1404/818/1136 1405/819/1150 1560/813/1137
f 1405/819/1150 1561/811/1183 1560/813/1137
f 1561/811/1183 1562/812/1127 1560/813/1137
f 1562/812/1127 1563/814/1134 1560/813/1137
f 1563/814/1134 1564/815/1133 1560/813/1137
f 1564/815/1133 1565/816/1140 1560/813/1137
f 1560/813/1137 1565/816/1140 1397/817/1135
f 1562/817/1127 1566/818/1128 1567/813/8
f 1566/818/1128 1568/819/1129 1567/813/8
f 1568/819/1129 1569/811/1130 1567/813/8
f 1569/811/1130 1570/812/1131 1567/813/8
f 1570/812/1131 1571/814/1132 1567/813/8
f 1571/814/1132 1564/815/1133 1567/813/8
f 1564/815/1133 1563/816/1134 1567/813/8
f 1567/813/8 1563/816/1134 1562/817/1127
f 1392/817/1126 1394/818/1141 1572/813/1142
f 1394/818/1141 1397/819/1135 1572/813/1142
f 1397/819/1135 1565/811/1140 1572/813/1142
f 1565/811/1140 1564/812/1133 1572/813/1142
f 1564/812/1133 1571/814/1132 1572/813/1142
f 1571/814/1132 1570/815/1131 1572/813/1142
f 1570/815/1131 1573/816/1143 1572/813/1142
f 1572/813/1142 1573/816/1143 1392/817/1126
f 1407/817/1152 1408/818/1123 1574/813/1178
f 1408/818/1123 1392/819/1126 1574/813/1178
f 1392/819/1126 1573/811/1143 1574/813/1178
f 1573/811/1143 1570/812/1131 1574/813/1178
f 1570/812/1131 1569/814/1130 1574/813/1178
f 1569/814/1130 1568/815/1129 1574/813/1178
f 1568/815/1129 1575/816/1184 1574/813/1178
f 1574/813/1178 1575/816/1184 1407/817/1152
f 1405/817/1150 1406/818/1151 1576/813/1180
f 1406/818/1151 1407/819/1152 1576/813/1180
f 1407/819/1152 1575/811/1184 1576/813/1180
f 1575/811/1184 1568/812/1129 1576/813/1180
f 1568/812/1129 1566/814/1128 1576/813/1180
f 1566/814/1128 1562/815/1127 1576/813/1180
f 1562/815/1127 1561/816/1183 1576/813/1180
f 1576/813/1180 1561/816/1183 1405/817/1150
f 1409/817/1126 1411/818/1141 1577/813/1142
f 1411/818/1141 1414/819/1135 1577/813/1142
f 1414/819/1135 1578/811/1140 1577/813/1142
f 1578/811/1140 1579/812/1133 1577/813/1142
f 1579/812/1133 1580/814/1132 1577/813/1142
f 1580/814/1132 1581/815/1185 1577/813/1142
f 1581/815/1185 1582/816/1186 1577/813/1142
f 1577/813/1142 1582/816/1186 1409/817/1126
f 1583/817/1187 1584/818/1128 1585/813/8
f 1584/818/1128 1586/819/1129 1585/813/8
f 1586/819/1129 1587/811/1130 1585/813/8
f 1587/811/1130 1581/812/1185 1585/813/8
f 1581/812/1185 1580/814/1132 1585/813/8
f 1580/814/1132 1579/815/1133 1585/813/8
f 1579/815/1133 1588/816/1134 1585/813/8
f 1585/813/8 1588/816/1134 1583/817/1187
f 1414/817/1135 1424/818/1136 1589/813/1137
f 1424/818/1136 1421/819/1138 1589/813/1137
f 1421/819/1138 1590/811/1139 1589/813/1137
f 1590/811/1139 1583/812/1187 1589/813/1137
f 1583/812/1187 1588/814/1134 1589/813/1137
f 1588/814/1134 1579/815/1133 1589/813/1137
f 1579/815/1133 1578/816/1140 1589/813/1137
f 1589/813/1137 1578/816/1140 1414/817/1135
f 1423/817/1152 1442/818/1123 1591/813/1178
f 1442/818/1123 1409/819/1126 1591/813/1178
f 1409/819/1126 1582/811/1186 1591/813/1178
f 1582/811/1186 1581/812/1185 1591/813/1178
f 1581/812/1185 1587/814/1130 1591/813/1178
f 1587/814/1130 1586/815/1129 1591/813/1178
f 1586/815/1129 1592/816/1184 1591/813/1178
f 1591/813/1178 1592/816/1184 1423/817/1152
f 1421/817/1138 1422/818/1151 1593/813/1180
f 1422/818/1151 1423/819/1152 1593/813/1180
f 1423/819/1152 1592/811/1184 1593/813/1180
f 1592/811/1184 1586/812/1129 1593/813/1180
f 1586/812/1129 1584/814/1128 1593/813/1180
f 1584/814/1128 1583/815/1187 1593/813/1180
f 1583/815/1187 1590/816/1139 1593/813/1180
f 1593/813/1180 1590/816/1139 1421/817/1138
f 1430/817/1135 1437/818/1136 1594/813/1137
f 1437/818/1136 1438/819/1138 1594/813/1137
f 1438/819/1138 1595/811/1139 1594/813/1137
f 1595/811/1139 1596/812/1127 1594/813/1137
f 1596/812/1127 1597/814/1134 1594/813/1137
f 1597/814/1134 1598/815/1133 1594/813/1137
f 1598/815/1133 1599/816/1188 1594/813/1137
f 1594/813/1137 1599/816/1188 1430/817/1135
f 1596/817/1127 1600/818/1128 1601/813/8
f 1600/818/1128 1602/819/1129 1601/813/8
f 1602/819/1129 1603/811/1130 1601/813/8
f 1603/811/1130 1604/812/1131 1601/813/8
f 1604/812/1131 1605/814/1132 1601/813/8
f 1605/814/1132 1598/815/1133 1601/813/8
f 1598/815/1133 1597/816/1134 1601/813/8
f 1601/813/8 1597/816/1134 1596/817/1127
f 1425/817/1126 1427/818/1141 1606/813/1142
f 1427/818/1141 1430/819/1135 1606/813/1142
f 1430/819/1135 1599/811/1188 1606/813/1142
f 1599/811/1188 1598/812/1133 1606/813/1142
f 1598/812/1133 1605/814/1132 1606/813/1142
f 1605/814/1132 1604/815/1131 1606/813/1142
f 1604/815/1131 1607/816/1186 1606/813/1142
f 1606/813/1142 1607/816/1186 1425/817/1126
f 1440/817/1152 1441/818/1123 1608/813/1178
f 1441/818/1123 1425/819/1126 1608/813/1178
f 1425/819/1126 1607/811/1186 1608/813/1178
f 1607/811/1186 1604/812/1131 1608/813/1178
f 1604/812/1131 1603/814/1130 1608/813/1178
f 1603/814/1130 1602/815/1129 1608/813/1178
f 1602/815/1129 1609/816/1189 1608/813/1178
f 1608/813/1178 1609/816/1189 1440/817/1152
f 1438/817/1138 1439/818/1151 1610/813/1180
f 1439/818/1151 1440/819/1152 1610/813/1180
f 1440/819/1152 1609/811/1189 1610/813/1180
f 1609/811/1189 1602/812/1129 1610/813/1180
f 1602/812/1129 1600/814/1128 1610/813/1180
f 1600/814/1128 1596/815/1127 1610/813/1180
f 1596/815/1127 1595/816/1139 1610/813/1180
f 1610/813/1180 1595/816/1139 1438/817/1138
f 1448/817/1135 1455/818/1136 1611/813/1137
f 1455/818/1136 1456/819/1138 1611/813/1137
f 1456/819/1138 1612/811/1183 1611/813/1137
f 1612/811/1183 1613/812/1127 1611/813/1137
f 1613/812/1127 1614/814/1134 1611/813/1137
f 1614/814/1134 1615/815/1133 1611/813/1137
f 1615/815/1133 1616/816/1140 1611/813/1137
f 1611/813/1137 1616/816/1140 1448/817/1135
f 1613/817/1127 1617/818/1128 1618/813/8
f 1617/818/1128 1619/819/1129 1618/813/8
f 1619/819/1129 1620/811/1130 1618/813/8
f 1620/811/1130 1621/812/1131 1618/813/8
f 1621/812/1131 1622/814/1132 1618/813/8
f 1622/814/1132 1615/815/1133 1618/813/8
f 1615/815/1133 1614/816/1134 1618/813/8
f 1618/813/8 1614/816/1134 1613/817/1127
f 1443/817/1126 1445/818/1141 1623/813/1142
f 1445/818/1141 1448/819/1135 1623/813/1142
f 1448/819/1135 1616/811/1140 1623/813/1142
f 1616/811/1140 1615/812/1133 1623/813/1142
f 1615/812/1133 1622/814/1132 1623/813/1142
f 1622/814/1132 1621/815/1131 1623/813/1142
f 1621/815/1131 1624/816/1143 1623/813/1142
f 1623/813/1142 1624/816/1143 1443/817/1126
f 1458/817/1152 1459/818/1123 1625/813/1178
f 1459/818/1123 1443/819/1126 1625/813/1178
f 1443/819/1126 1624/811/1143 1625/813/1178
f 1624/811/1143 1621/812/1131 1625/813/1178
f 1621/812/1131 1620/814/1130 1625/813/1178
f 1620/814/1130 1619/815/1129 1625/813/1178
f 1619/815/1129 1626/816/1184 1625/813/1178
f 1625/813/1178 1626/816/1184 1458/817/1152
f 1456/817/1138 1457/818/1151 1627/813/1180
f 1457/818/1151 1458/819/1152 1627/813/1180
f 1458/819/1152 1626/811/1184 1627/813/1180
f 1626/811/1184 1619/812/1129 1627/813/1180
f 1619/812/1129 1617/814/1128 1627/813/1180
f 1617/814/1128 1613/815/1127 1627/813/1180
f 1613/815/1127 1612/816/1183 1627/813/1180
f 1627/813/1180 1612/816/1183 1456/817/1138
f 1465/817/1135 1472/818/1136 1628/813/1137
f 1472/818/1136 1473/819/1138 1628/813/1137
f 1473/819/1138 1629/811/1139 1628/813/1137
f 1629/811/1139 1630/812/1127 1628/813/1137
f 1630/812/1127 1631/814/1134 1628/813/1137
f 1631/814/1134 1632/815/1133 1628/813/1137
f 1632/815/1133 1633/816/1140 1628/813/1137
f 1628/813/1137 1633/816/1140 1465/817/1135
f 1630/817/1127 1634/818/1128 1635/813/8
f 1634/818/1128 1636/819/1129 1635/813/8
f 1636/819/1129 1637/811/1130 1635/813/8
f 1637/811/1130 1638/812/1131 1635/813/8
f 1638/812/1131 1639/814/1132 1635/813/8
f 1639/814/1132 1632/815/1133 1635/813/8
f 1632/815/1133 1631/816/1134 1635/813/8
f 1635/813/8 1631/816/1134 1630/817/1127
f 1460/817/1126 1462/818/1141 1640/813/1142
f 1462/818/1141 1465/819/1135 1640/813/1142
f 1465/819/1135 1633/811/1140 1640/813/1142
f 1633/811/1140 1632/812/1133 1640/813/1142
f 1632/812/1133 1639/814/1132 1640/813/1142
f 1639/814/1132 1638/815/1131 1640/813/1142
f 1638/815/1131 1641/816/1143 1640/813/1142
f 1640/813/1142 1641/816/1143 1460/817/1126
f 1475/817/1152 1476/818/1123 1642/813/1178
f 1476/818/1123 1460/819/1126 1642/813/1178
f 1460/819/1126 1641/811/1143 1642/813/1178
f 1641/811/1143 1638/812/1131 1642/813/1178
f 1638/812/1131 1637/814/1130 1642/813/1178
f 1637/814/1130 1636/815/1129 1642/813/1178
f 1636/815/1129 1643/816/1179 1642/813/1178
f 1642/813/1178 1643/816/1179 1475/817/1152
f 1473/817/1138 1474/818/1151 1644/813/1180
f 1474/818/1151 1475/819/1152 1644/813/1180
f 1475/819/1152 1643/811/1179 1644/813/1180
f 1643/811/1179 1636/812/1129 1644/813/1180
f 1636/812/1129 1634/814/1128 1644/813/1180
f 1634/814/1128 1630/815/1127 1644/813/1180
f 1630/815/1127 1629/816/1139 1644/813/1180
f 1644/813/1180 1629/816/1139 1473/817/1138
f 1317/817/1121 1319/818/1123 1645/813/1178
f 1319/818/1123 1322/819/1126 1645/813/1178
f 1322/819/1126 1340/811/1143 1645/813/1178
f 1340/811/1143 1328/812/1131 1645/813/1178
f 1328/812/1131 1327/814/1130 1645/813/1178
f 1327/814/1130 1326/815/1129 1645/813/1178
f 1326/815/1129 1646/816/1179 1645/813/1178
f 1645/813/1178 1646/816/1179 1317/817/1121
f 1323/815/1127 1336/816/1139 1647/813/1180
f 1647/813/1180 1336/816/1139 1335/817/1138
f 1335/817/1138 1483/818/1151 1647/813/1180
f 1483/818/1151 1317/819/1121 1647/813/1180
f 1317/819/1121 1646/811/1179 1647/813/1180
f 1646/811/1179 1326/812/1129 1647/813/1180
f 1326/812/1129 1324/814/1128 1647/813/1180
f 1324/814/1128 1323/815/1127 1647/813/1180
f 1648/817/1155 1649/818/866 1650/813/1156
f 1649/818/866 1651/819/1157 1650/813/1156
f 1651/819/1157 1652/811/1158 1650/813/1156
f 1652/811/1158 1653/812/1159 1650/813/1156
f 1653/812/1159 1654/814/1160 1650/813/1156
f 1654/814/1160 1655/815/1161 1650/813/1156
f 1655/815/1161 1656/816/1190 1650/813/1156
f 1650/813/1156 1656/816/1190 1648/817/1155
f 1653/817/1159 1657/818/1163 1658/813/33
f 1657/818/1163 1659/819/1164 1658/813/33
f 1659/819/1164 1660/811/1165 1658/813/33
f 1660/811/1165 1661/812/1166 1658/813/33
f 1661/812/1166 1662/814/1167 1658/813/33
f 1662/814/1167 1655/815/1161 1658/813/33
f 1655/815/1161 1654/816/1160 1658/813/33
f 1658/813/33 1654/816/1160 1653/817/1159
f 1663/817/1168 1664/818/870 1665/813/1169
f 1664/818/870 1648/819/1155 1665/813/1169
f 1648/819/1155 1656/811/1190 1665/813/1169
f 1656/811/1190 1655/812/1161 1665/813/1169
f 1655/812/1161 1662/814/1167 1665/813/1169
f 1662/814/1167 1661/815/1166 1665/813/1169
f 1661/815/1166 1666/816/1170 1665/813/1169
f 1665/813/1169 1666/816/1170 1663/817/1168
f 1667/817/1171 1668/818/1172 1669/813/1173
f 1668/818/1172 1663/819/1168 1669/813/1173
f 1663/819/1168 1666/811/1170 1669/813/1173
f 1666/811/1170 1661/812/1166 1669/813/1173
f 1661/812/1166 1660/814/1165 1669/813/1173
f 1660/814/1165 1659/815/1164 1669/813/1173
f 1659/815/1164 1670/816/1191 1669/813/1173
f 1669/813/1173 1670/816/1191 1667/817/1171
f 1651/817/1157 1671/818/1175 1672/813/1176
f 1671/818/1175 1667/819/1171 1672/813/1176
f 1667/819/1171 1670/811/1191 1672/813/1176
f 1670/811/1191 1659/812/1164 1672/813/1176
f 1659/812/1164 1657/814/1163 1672/813/1176
f 1657/814/1163 1653/815/1159 1672/813/1176
f 1653/815/1159 1652/816/1158 1672/813/1176
f 1672/813/1176 1652/816/1158 1651/817/1157
f 1673/817/1155 1674/818/866 1675/813/1156
f 1674/818/866 1676/819/1157 1675/813/1156
f 1676/819/1157 1677/811/1158 1675/813/1156
f 1677/811/1158 1678/812/1159 1675/813/1156
f 1678/812/1159 1679/814/1160 1675/813/1156
f 1679/814/1160 1680/815/1161 1675/813/1156
f 1680/815/1161 1681/816/1190 1675/813/1156
f 1675/813/1156 1681/816/1190 1673/817/1155
f 1678/817/1159 1682/818/1163 1683/813/33
f 1682/818/1163 1684/819/1164 1683/813/33
f 1684/819/1164 1685/811/1165 1683/813/33
f 1685/811/1165 1686/812/1166 1683/813/33
f 1686/812/1166 1687/814/1167 1683/813/33
f 1687/814/1167 1680/815/1161 1683/813/33
f 1680/815/1161 1679/816/1160 1683/813/33
f 1683/813/33 1679/816/1160 1678/817/1159
f 1688/817/1168 1689/818/870 1690/813/1169
f 1689/818/870 1673/819/1155 1690/813/1169
f 1673/819/1155 1681/811/1190 1690/813/1169
f 1681/811/1190 1680/812/1161 1690/813/1169
f 1680/812/1161 1687/814/1167 1690/813/1169
f 1687/814/1167 1686/815/1166 1690/813/1169
f 1686/815/1166 1691/816/1170 1690/813/1169
f 1690/813/1169 1691/816/1170 1688/817/1168
f 1692/817/1171 1693/818/1172 1694/813/1173
f 1693/818/1172 1688/819/1168 1694/813/1173
f 1688/819/1168 1691/811/1170 1694/813/1173
f 1691/811/1170 1686/812/1166 1694/813/1173
f 1686/812/1166 1685/814/1165 1694/813/1173
f 1685/814/1165 1684/815/1164 1694/813/1173
f 1684/815/1164 1695/816/1191 1694/813/1173
f 1694/813/1173 1695/816/1191 1692/817/1171
f 1676/817/1157 1696/818/1175 1697/813/1176
f 1696/818/1175 1692/819/1171 1697/813/1176
f 1692/819/1171 1695/811/1191 1697/813/1176
f 1695/811/1191 1684/812/1164 1697/813/1176
f 1684/812/1164 1682/814/1163 1697/813/1176
f 1682/814/1163 1678/815/1159 1697/813/1176
f 1678/815/1159 1677/816/1158 1697/813/1176
f 1697/813/1176 1677/816/1158 1676/817/1157
f 1698/817/1155 1699/818/866 1700/813/1156
f 1699/818/866 1701/819/1157 1700/813/1156
f 1701/819/1157 1702/811/1158 1700/813/1156
f 1702/811/1158 1703/812/1159 1700/813/1156
f 1703/812/1159 1704/814/1160 1700/813/1156
f 1704/814/1160 1705/815/1161 1700/813/1156
f 1705/815/1161 1706/816/1190 1700/813/1156
f 1700/813/1156 1706/816/1190 1698/817/1155
f 1703/817/1159 1707/818/1163 1708/813/33
f 1707/818/1163 1709/819/1164 1708/813/33
f 1709/819/1164 1710/811/1165 1708/813/33
f 1710/811/1165 1711/812/1166 1708/813/33
f 1711/812/1166 1712/814/1167 1708/813/33
f 1712/814/1167 1705/815/1161 1708/813/33
f 1705/815/1161 1704/816/1160 1708/813/33
f 1708/813/33 1704/816/1160 1703/817/1159
f 1713/817/1168 1714/818/870 1715/813/1169
f 1714/818/870 1698/819/1155 1715/813/1169
f 1698/819/1155 1706/811/1190 1715/813/1169
f 1706/811/1190 1705/812/1161 1715/813/1169
f 1705/812/1161 1712/814/1167 1715/813/1169
f 1712/814/1167 1711/815/1166 1715/813/1169
f 1711/815/1166 1716/816/1170 1715/813/1169
f 1715/813/1169 1716/816/1170 1713/817/1168
f 1717/817/1171 1718/818/1172 1719/813/1173
f 1718/818/1172 1713/819/1168 1719/813/1173
f 1713/819/1168 1716/811/1170 1719/813/1173
f 1716/811/1170 1711/812/1166 1719/813/1173
f 1711/812/1166 1710/814/1165 1719/813/1173
f 1710/814/1165 1709/815/1164 1719/813/1173
f 1709/815/1164 1720/816/1191 1719/813/1173
f 1719/813/1173 1720/816/1191 1717/817/1171
f 1701/817/1157 1721/818/1175 1722/813/1176
f 1721/818/1175 1717/819/1171 1722/813/1176
f 1717/819/1171 1720/811/1191 1722/813/1176
f 1720/811/1191 1709/812/1164 1722/813/1176
f 1709/812/1164 1707/814/1163 1722/813/1176
f 1707/814/1163 1703/815/1159 1722/813/1176
f 1703/815/1159 1702/816/1158 1722/813/1176
f 1722/813/1176 1702/816/1158 1701/817/1157
f 1723/817/1155 1724/818/866 1725/813/1156
f 1724/818/866 1726/819/1157 1725/813/1156
f 1726/819/1157 1727/811/1158 1725/813/1156
f 1727/811/1158 1728/812/1159 1725/813/1156
f 1728/812/1159 1729/814/1160 1725/813/1156
f 1729/814/1160 1730/815/1161 1725/813/1156
f 1730/815/1161 1731/816/1192 1725/813/1156
f 1725/813/1156 1731/816/1192 1723/817/1155
f 1728/817/1159 1732/818/1163 1733/813/33
f 1732/818/1163 1734/819/1164 1733/813/33
f 1734/819/1164 1735/811/1165 1733/813/33
f 1735/811/1165 1736/812/1166 1733/813/33
f 1736/812/1166 1737/814/1167 1733/813/33
f 1737/814/1167 1730/815/1161 1733/813/33
f 1730/815/1161 1729/816/1160 1733/813/33
f 1733/813/33 1729/816/1160 1728/817/1159
f 1738/817/1168 1739/818/870 1740/813/1169
f 1739/818/870 1723/819/1155 1740/813/1169
f 1723/819/1155 1731/811/1192 1740/813/1169
f 1731/811/1192 1730/812/1161 1740/813/1169
f 1730/812/1161 1737/814/1167 1740/813/1169
f 1737/814/1167 1736/815/1166 1740/813/1169
f 1736/815/1166 1741/816/1193 1740/813/1169
f 1740/813/1169 1741/816/1193 1738/817/1168
f 1742/817/1171 1743/818/1172 1744/813/1173
f 1743/818/1172 1738/819/1168 1744/813/1173
f 1738/819/1168 1741/811/1193 1744/813/1173
f 1741/811/1193 1736/812/1166 1744/813/1173
f 1736/812/1166 1735/814/1165 1744/813/1173
f 1735/814/1165 1734/815/1164 1744/813/1173
f 1734/815/1164 1745/816/1194 1744/813/1173
f 1744/813/1173 1745/816/1194 1742/817/1171
f 1726/817/1157 1746/818/1175 1747/813/1176
f 1746/818/1175 1742/819/1171 1747/813/1176
f 1742/819/1171 1745/811/1194 1747/813/1176
f 1745/811/1194 1734/812/1164 1747/813/1176
f 1734/812/1164 1732/814/1163 1747/813/1176
f 1732/814/1163 1728/815/1159 1747/813/1176
f 1728/815/1159 1727/816/1158 1747/813/1176
f 1747/813/1176 1727/816/1158 1726/817/1157
f 1748/817/1155 1749/818/866 1750/813/1156
f 1749/818/866 1751/819/1157 1750/813/1156
f 1751/819/1157 1752/811/1158 1750/813/1156
f 1752/811/1158 1753/812/1159 1750/813/1156
f 1753/812/1159 1754/814/1160 1750/813/1156
f 1754/814/1160 1755/815/1161 1750/813/1156
f 1755/815/1161 1756/816/1192 1750/813/1156
f 1750/813/1156 1756/816/1192 1748/817/1155
f 1753/817/1159 1757/818/1163 1758/813/33
f 1757/818/1163 1759/819/1164 1758/813/33
f 1759/819/1164 1760/811/1165 1758/813/33
f 1760/811/1165 1761/812/1166 1758/813/33
f 1761/812/1166 1762/814/1167 1758/813/33
f 1762/814/1167 1755/815/1161 1758/813/33
f 1755/815/1161 1754/816/1160 1758/813/33
f 1758/813/33 1754/816/1160 1753/817/1159
f 1763/817/1168 1764/818/870 1765/813/1169
f 1764/818/870 1748/819/1155 1765/813/1169
f 1748/819/1155 1756/811/1192 1765/813/1169
f 1756/811/1192 1755/812/1161 1765/813/1169
f 1755/812/1161 1762/814/1167 1765/813/1169
f 1762/814/1167 1761/815/1166 1765/813/1169
f 1761/815/1166 1766/816/1170 1765/813/1169
f 1765/813/1169 1766/816/1170 1763/817/1168
f 1767/817/1171 1768/818/1172 1769/813/1173
f 1768/818/1172 1763/819/1168 1769/813/1173
f 1763/819/1168 1766/811/1170 1769/813/1173
f 1766/811/1170 1761/812/1166 1769/813/1173
f 1761/812/1166 1760/814/1165 1769/813/1173
f 1760/814/1165 1759/815/1164 1769/813/1173
f 1759/815/1164 1770/816/1194 1769/813/1173
f 1769/813/1173 1770/816/1194 1767/817/1171
f 1751/817/1157 1771/818/1175 1772/813/1176
f 1771/818/1175 1767/819/1171 1772/813/1176
f 1767/819/1171 1770/811/1194 1772/813/1176
f 1770/811/1194 1759/812/1164 1772/813/1176
f 1759/812/1164 1757/814/1163 1772/813/1176
f 1757/814/1163 1753/815/1159 1772/813/1176
f 1753/815/1159 1752/816/1158 1772/813/1176
f 1772/813/1176 1752/816/1158 1751/817/1157
f 1773/817/1155 1774/818/866 1775/813/1156
f 1774/818/866 1776/819/1157 1775/813/1156
f 1776/819/1157 1777/811/1158 1775/813/1156
f 1777/811/1158 1778/812/1159 1775/813/1156
f 1778/812/1159 1779/814/1160 1775/813/1156
f 1779/814/1160 1780/815/1161 1775/813/1156
f 1780/815/1161 1781/816/1162 1775/813/1156
f 1775/813/1156 1781/816/1162 1773/817/1155
f 1778/817/1159 1782/818/1163 1783/813/33
f 1782/818/1163 1784/819/1164 1783/813/33
f 1784/819/1164 1785/811/1165 1783/813/33
f 1785/811/1165 1786/812/1166 1783/813/33
f 1786/812/1166 1787/814/1167 1783/813/33
f 1787/814/1167 1780/815/1161 1783/813/33
f 1780/815/1161 1779/816/1160 1783/813/33
f 1783/813/33 1779/816/1160 1778/817/1159
f 1788/817/1168 1789/818/870 1790/813/1169
f 1789/818/870 1773/819/1155 1790/813/1169
f 1773/819/1155 1781/811/1162 1790/813/1169
f 1781/811/1162 1780/812/1161 1790/813/1169
f 1780/812/1161 1787/814/1167 1790/813/1169
f 1787/814/1167 1786/815/1166 1790/813/1169
f 1786/815/1166 1791/816/1195 1790/813/1169
f 1790/813/1169 1791/816/1195 1788/817/1168
f 1792/817/1171 1793/818/1172 1794/813/1173
f 1793/818/1172 1788/819/1168 1794/813/1173
f 1788/819/1168 1791/811/1195 1794/813/1173
f 1791/811/1195 1786/812/1166 1794/813/1173
f 1786/812/1166 1785/814/1165 1794/813/1173
f 1785/814/1165 1784/815/1164 1794/813/1173
f 1784/815/1164 1795/816/1174 1794/813/1173
f 1794/813/1173 1795/816/1174 1792/817/1171
f 1776/817/1157 1796/818/1175 1797/813/1176
f 1796/818/1175 1792/819/1171 1797/813/1176
f 1792/819/1171 1795/811/1174 1797/813/1176
f 1795/811/1174 1784/812/1164 1797/813/1176
f 1784/812/1164 1782/814/1163 1797/813/1176
f 1782/814/1163 1778/815/1159 1797/813/1176
f 1778/815/1159 1777/816/1158 1797/813/1176
f 1797/813/1176 1777/816/1158 1776/817/1157
f 1798/817/1155 1799/818/866 1800/813/1156
f 1799/818/866 1801/819/1157 1800/813/1156
f 1801/819/1157 1802/811/1158 1800/813/1156
f 1802/811/1158 1803/812/1159 1800/813/1156
f 1803/812/1159 1804/814/1160 1800/813/1156
f 1804/814/1160 1805/815/1161 1800/813/1156
f 1805/815/1161 1806/816/1196 1800/813/1156
f 1800/813/1156 1806/816/1196 1798/817/1155
f 1803/817/1159 1807/818/1163 1808/813/33
f 1807/818/1163 1809/819/1164 1808/813/33
f 1809/819/1164 1810/811/1165 1808/813/33
f 1810/811/1165 1811/812/1166 1808/813/33
f 1811/812/1166 1812/814/1167 1808/813/33
f 1812/814/1167 1805/815/1161 1808/813/33
f 1805/815/1161 1804/816/1160 1808/813/33
f 1808/813/33 1804/816/1160 1803/817/1159
f 1813/817/1168 1814/818/870 1815/813/1169
f 1814/818/870 1798/819/1155 1815/813/1169
f 1798/819/1155 1806/811/1196 1815/813/1169
f 1806/811/1196 1805/812/1161 1815/813/1169
f 1805/812/1161 1812/814/1167 1815/813/1169
f 1812/814/1167 1811/815/1166 1815/813/1169
f 1811/815/1166 1816/816/1170 1815/813/1169
f 1815/813/1169 1816/816/1170 1813/817/1168
f 1817/817/1171 1818/818/1172 1819/813/1173
f 1818/818/1172 1813/819/1168 1819/813/1173
f 1813/819/1168 1816/811/1170 1819/813/1173
f 1816/811/1170 1811/812/1166 1819/813/1173
f 1811/812/1166 1810/814/1165 1819/813/1173
f 1810/814/1165 1809/815/1164 1819/813/1173
f 1809/815/1164 1820/816/1191 1819/813/1173
f 1819/813/1173 1820/816/1191 1817/817/1171
f 1821/817/1155 1822/818/866 1823/813/1156
f 1822/818/866 1824/819/1157 1823/813/1156
f 1824/819/1157 1825/811/1158 1823/813/1156
f 1825/811/1158 1826/812/1159 1823/813/1156
f 1826/812/1159 1827/814/1160 1823/813/1156
f 1827/814/1160 1828/815/1161 1823/813/1156
f 1828/815/1161 1829/816/1162 1823/813/1156
f 1823/813/1156 1829/816/1162 1821/817/1155
f 1830/819/1164 1831/811/1165 1832/813/33
f 1831/811/1165 1833/812/1166 1832/813/33
f 1833/812/1166 1834/814/1167 1832/813/33
f 1834/814/1167 1828/815/1161 1832/813/33
f 1828/815/1161 1827/816/1160 1832/813/33
f 1832/813/33 1827/816/1160 1826/817/1159
f 1826/817/1159 1835/818/1163 1832/813/33
f 1835/818/1163 1830/819/1164 1832/813/33
f 1836/817/1168 1837/818/870 1838/813/1169
f 1837/818/870 1821/819/1155 1838/813/1169
f 1821/819/1155 1829/811/1162 1838/813/1169
f 1829/811/1162 1828/812/1161 1838/813/1169
f 1828/812/1161 1834/814/1167 1838/813/1169
f 1834/814/1167 1833/815/1166 1838/813/1169
f 1833/815/1166 1839/816/1170 1838/813/1169
f 1838/813/1169 1839/816/1170 1836/817/1168
f 1840/817/1171 1841/818/1172 1842/813/1173
f 1841/818/1172 1836/819/1168 1842/813/1173
f 1836/819/1168 1839/811/1170 1842/813/1173
f 1839/811/1170 1833/812/1166 1842/813/1173
f 1833/812/1166 1831/814/1165 1842/813/1173
f 1831/814/1165 1830/815/1164 1842/813/1173
f 1830/815/1164 1843/816/1174 1842/813/1173
f 1842/813/1173 1843/816/1174 1840/817/1171
f 1824/817/1157 1844/818/1175 1845/813/1176
f 1844/818/1175 1840/819/1171 1845/813/1176
f 1840/819/1171 1843/811/1174 1845/813/1176
f 1843/811/1174 1830/812/1164 1845/813/1176
f 1830/812/1164 1835/814/1163 1845/813/1176
f 1835/814/1163 1826/815/1159 1845/813/1176
f 1826/815/1159 1825/816/1158 1845/813/1176
f 1845/813/1176 1825/816/1158 1824/817/1157
f 1820/811/1191 1809/812/1164 1846/813/1176
f 1809/812/1164 1807/814/1163 1846/813/1176
f 1807/814/1163 1803/815/1159 1846/813/1176
f 1803/815/1159 1802/816/1158 1846/813/1176
f 1846/813/1176 1802/816/1158 1801/817/1157
f 1801/817/1157 1847/818/1175 1846/813/1176
f 1847/818/1175 1817/819/1171 1846/813/1176
f 1817/819/1171 1820/811/1191 1846/813/1176
